Run Time,Path Length,Heading Changes,Total Degrees (Degrees)
0.2939249926883152,108.24326172894811,12,100.84533511252091
0.018138448668325147,110.00609451262028,10,105.78688545858361
0.4931605660593412,113.96308746276091,14,108.87681440607103
0.0210664046858966,95.07232804158652,10,90.99913409546033
0.010288871724966953,101.98876526533735,9,98.05642908940092
0.013500178324886036,104.44566494911695,8,98.86757226799536
0.006553895322927161,87.85382946298918,6,84.07184138671889
0.01786713228059611,105.66478559290815,11,100.78744338494595
0.0067460777642374126,106.55210249815582,11,102.16478984887364
0.010481418838843126,99.7276338873034,10,95.42642204637852
0.06678175732791658,111.1374803740997,10,106.34275513191797
0.0160240771413811,121.51079920910318,12,115.96348495527043
0.004374247407000098,104.49865987869184,5,100.53116333495016
0.017475838619262163,101.76102796864555,9,96.42208387894784
0.06829259576119284,105.08678979902999,17,98.92843260656117
0.018612523001721115,89.84934290399916,11,84.35027213448548
0.006676060631917835,99.82324013439725,10,94.96266644036605
0.042440228343373576,90.3792496651667,6,86.00984024509026
0.006466738580101605,111.93186044144127,10,106.09105185924672
0.021859932185492426,84.35909514106079,9,80.04892607992575
0.010839891969396831,97.97865056966684,6,93.39142066491962
0.006726020773200503,116.74402147463178,7,110.56657709052887
0.004156537886203182,113.14835435707684,8,107.53182612279491
0.019954882710365496,108.30930203324094,10,102.99220694662044
0.016047780858045257,98.2294165156566,9,94.1073179002174
0.011701248565927358,95.24077514842169,7,91.01879825770365
0.026831877925118874,95.05831654064527,10,90.68669456239326
0.025753905825496304,107.9636292989495,12,103.19009686152214
0.02250430860634367,106.09790727106106,13,101.28103638028914
0.009499720296147984,101.86482095282297,12,96.7827014031133
0.035123073343683586,94.31794033355183,6,89.34904077153998
0.019812660410352123,110.48202348137471,12,104.73517235868113
0.015324635163324274,94.29337822650966,11,89.41472209360477
0.007016664806840822,91.22524531251246,5,87.25678295697107
0.007816027067462983,116.5608332023655,12,111.63427119651479
0.017940066793428855,108.6292104683592,8,103.42467332907405
0.009147811271759565,89.6448586283959,6,85.79436896926798
0.012937853230965857,102.3787619955159,10,97.18121874846797
0.026631672687386754,96.15942559321444,12,92.00289875427491
0.004128458098762167,77.7874704176492,4,73.69598892043558
0.015530310489509702,92.38248814432893,8,86.94057324451383
0.008218625578280125,91.91154011469268,6,87.33491655114032
0.01050658124577808,92.8313115881095,7,88.79437461104452
0.0041532558331311975,95.1726624763078,6,90.31715299754136
0.010753464571706672,99.07230561967349,11,94.34772740996969
0.010258968574731853,101.49427925075688,10,97.11226564400762
0.021646598735458156,94.7063306975677,10,89.5905952274367
0.008939218565018336,92.92096525522449,7,88.78519253336583
0.00945450089818678,110.40317943658948,10,105.9992793454192
0.02143800602877377,100.84986452868796,14,96.31908333357714
0.008559229753188902,109.77831515063578,9,104.41370821015816
0.008040665366962685,94.56869275948182,11,89.90947389526997
0.006830317126542695,112.87719309064207,7,107.85341921400213
0.011508336779485262,120.24783173477933,12,115.2280987074078
0.04330632568323267,102.0461206021678,10,97.514694706753
0.0038870448612726705,94.0793565018831,6,89.95581489159119
0.0040704751610576295,102.747852036798,10,98.34486052828886
0.006381769872660925,95.69614904889666,8,90.25296499879148
0.05450687881858585,111.91262558864416,12,106.66989599573677
0.020347270389407868,108.02430719114871,10,103.01895632608876
0.015179130810224706,99.79741518179426,7,95.36068211017103
0.021065675340764756,86.0386061680943,11,80.95377038198794
0.02524008218261997,75.28336969650219,5,70.9815283742341
0.006725656100655897,84.13369578131714,8,80.2420507313433
0.01634061292705269,71.41729761082911,8,67.46367467386165
0.00364125555304895,79.00039424752725,8,74.81342429340899
0.026568584333801937,101.32998201450735,11,95.9973722954869
0.007680368873593579,103.84026825717663,8,99.75553480415302
0.03624662951384039,120.2297973643703,13,114.35465599648064
0.024274429232747252,117.086427489474,12,112.7761610484265
0.023143579611314635,66.31956546538662,6,62.24612063223143
0.01992279152472065,100.991788185557,12,94.38966617594079
0.013770765367496551,102.31322237550691,10,97.9517051172649
0.011945214511342783,83.35005304970421,7,79.46329458371157
0.006773792879130269,98.36339898556379,6,93.74515652430715
0.021638575939050497,102.64853458490174,12,98.37010893952524
0.02012956086855411,70.09346360768306,9,65.40601431375481
0.011791687361835557,97.80944613860599,9,93.38108429746943
0.004553666308538595,85.67954776263605,5,80.88371855696181
0.008661702743722799,109.34397003774048,6,103.98573062981546
0.010667401846546909,85.50244403982286,9,81.68476735603178
0.006267627360102779,101.69929682115142,9,96.71714472197525
0.020859270669461694,79.97450818079754,13,75.96802432884918
0.005788812283356037,91.52705968112278,6,87.6000871873125
0.007807639598524929,95.71833980300967,7,90.66905495689711
0.020556957113797125,110.18206948794305,11,104.94080622661251
0.007503138007393773,90.64807267251356,11,86.72626014301122
0.017192852709456474,113.79836533910756,12,109.22479858341072
0.020494598105358364,99.99214606822953,14,96.01870772710731
0.0049544414565616535,72.57307741900031,5,68.60063289519802
0.020996022880979126,105.64237034464901,9,99.44931572872602
0.013219380450493645,110.11662224651982,10,105.48841947659088
0.05115116188324009,97.8838976251903,12,93.02766504233998
0.028645394586646944,125.80243481736167,11,119.71280922532212
0.018838984664057534,93.02985436505517,9,87.28723574727616
0.010243652327005748,100.58151260152404,9,96.37686550803873
0.033106798736469045,94.30927025935593,12,89.87502864414142
0.0045365266980752494,105.82771037303324,9,100.48987969501695
0.02353159121958015,96.82618406544404,8,92.77811293681114
0.049804790776420305,83.62684052342179,11,79.11860781698287
0.006963057939913142,104.33148364199016,10,99.95471309863143
0.016815051933008363,85.95077479105535,7,81.58768981531934
0.005629815045381292,108.38339313194261,7,103.1920916198702
0.010143367371881595,109.8503410924932,8,104.60124555472804
0.004459580787056439,100.46682095646099,7,96.13234098417104
0.007444790397187262,96.91890012881356,8,92.17484371867943
0.007653747776373621,91.12247593384478,5,86.53146185445428
0.0035475347040687666,91.25053725346372,6,86.35115916349925
0.014527825610684886,112.88777048736961,11,105.83349375847472
0.011151322339230774,95.08341528719166,8,89.62740417414044
0.00946361771229931,99.79786238548851,10,95.90780743452466
0.012555676383726677,100.7272424529059,7,95.49653066028812
0.017115542125850425,112.94725952093044,13,106.64636086083348
0.012503528207105319,97.10915756446676,4,92.49157431310549
0.0264030229896548,93.97937895113913,11,89.75282544004101
0.005463889028703761,105.59199394944929,8,99.78829380600928
0.013830936340582412,107.94908713865372,15,102.95906404664555
0.013763471916206527,106.02936611742493,12,101.20988204104023
0.04283407471268674,93.50286517575465,14,88.99289498825597
0.007041827213754459,81.08190009843659,8,76.30526584322999
0.01324089613177648,119.12969289403223,12,113.61430199519309
0.0076956851212912625,89.0671484067881,10,84.10514693295372
0.017902140846729253,75.41985219908798,11,70.99129500868183
0.005743592885380622,94.36991413365645,7,90.3718281241205
0.018311668136277603,123.43524483869797,15,116.35815721970305
0.023229642336445977,109.05939509352618,10,104.44218504693507
0.021880718521629205,97.44879046303097,9,92.69376518654028
0.012421476880149385,90.54351289610943,10,86.62948705849844
0.014596748725296038,105.60725406982914,9,100.81061731683259
0.014221500656788066,104.45122145918455,9,98.29763017386989
0.02543153527881259,92.7828034385428,9,88.08710081423399
0.022125778484735292,80.62423313172594,10,76.0562432365512
0.0121366676075354,96.16582561210966,13,91.10351779139684
0.014120121683959042,110.4613914990159,10,105.15126241094478
0.019566871102142613,85.83411247043969,7,81.38211466422617
0.006476220066758742,100.1778877098544,9,95.75410244785046
0.005165222198627362,110.91685236020732,6,105.13012414350244
0.01813735465066202,97.48627567336273,10,93.19329897486057
0.008469884974942943,89.3817311130529,9,84.42424236101924
0.009750615020323039,95.44894249791433,8,90.58953396239428
0.014115016268078762,85.09034029484668,9,80.21539199228974
0.01298161393862074,112.82586482970949,10,106.5888464944903
0.021871966380103913,85.65548101780404,10,81.33348391464668
0.009175891059157948,109.89748529132005,9,104.33954087484459
0.016089353530333028,104.12358877556541,12,98.72123471419852
0.040972421272613246,79.7425317013899,11,75.19656500773912
0.014518344123985116,126.57275355274808,10,118.61365748246656
0.0190577882025309,103.96746696444772,8,97.98747012787214
0.033393431371905535,112.50132470550659,13,107.58065281782744
0.014014001967780132,91.76659955962401,6,87.58602883762222
0.004730167829620768,110.51486962003285,7,105.67526036185008
0.004221084930009056,109.5701399126399,6,105.60055569378976
0.014609512264996738,109.21414835002234,7,103.61930684858443
0.026674704049924003,101.01460816019193,7,95.6972810999097
0.00741051117609004,96.41636968715139,8,92.47172893834963
0.015566413073315744,71.07670644858037,6,67.03350264429032
0.004741472679143044,86.02847144184959,8,82.35032655103244
0.3958772307931895,101.46327727136175,13,96.8299747853944
0.010049646522929834,98.36679415840766,9,94.05106302688257
0.013814526075179856,100.1755212561517,7,94.51142409343002
0.01910154891027105,107.05907757106402,9,102.18666387402575
0.011335481984133366,56.5556334428864,6,52.29860026378357
0.005478840603814206,95.22565628596519,5,89.27943913437572
0.002475397365515164,104.83170095404779,6,99.05009642055158
0.018739064381406934,119.30098664021571,12,113.23546966661793
0.028452847472749454,111.01221202945325,9,105.36294500653044
0.011939379750288026,69.08927537712127,8,64.97956716172436
0.014560281468789071,116.05403225105826,12,111.4624879620924
0.014601124796058684,84.24626302134507,11,80.0274836883323
0.0058858151854792595,89.23985892081588,6,84.82311834585374
0.034256246658742384,95.0168426084141,11,90.79520680480967
0.00867738366400772,103.95981147938744,11,98.62836306342139
0.043141858356761986,106.85724909564557,15,102.31981800621594
0.016789524853493276,82.62510898022785,10,78.4688422920823
0.004749860148081098,98.80159732098996,9,94.91068464847388
0.017869684988568224,93.06908880420079,13,88.88551292128354
0.016055074309406336,85.54773699854621,8,81.71064244067735
0.006672049233770849,108.1207440347125,11,102.7955120581467
0.015096714810738376,84.83131299155696,8,79.89421113971586
0.08371131644605612,115.95488511809371,13,109.1636267724585
0.010240005601417579,118.4513147699935,9,111.09826545215974
0.007488915777344118,105.13027194290765,12,100.51658220322717
0.0057910003188226256,68.89700244718284,4,64.74916922634935
0.0120053854843718,124.92417049290746,11,117.2449402245857
0.012787608134544826,99.76369825814007,7,94.62901568820958
0.01974665467628256,112.2400550759848,12,107.3400226735599
0.007179308770446369,105.85009095723063,8,100.72560614189732
0.07196922455307231,96.37542087532117,8,91.17430481015319
0.0035971301728068283,85.56882191452908,4,81.71392032496014
0.004803467014994567,90.5905704992283,8,86.06477338046581
0.009116449431303408,89.93848524857927,13,85.48622841031111
0.007923240801346765,115.77967051729765,10,110.30779006037099
0.02371137479360641,101.40589447678079,12,95.73821477676617
0.0034242753773696677,96.8659237676739,7,92.4961553234445
0.013319665405560954,82.71244045686213,3,78.57651476189315
0.024330953480102835,118.71768711727007,15,111.73618992690685
0.11181918367321941,103.72182212989745,8,99.40215251849041
0.0940767694095257,76.66878580554442,6,71.09518323600662
0.008911503450121927,96.52474647533789,11,92.64481243712038
0.022419704571461807,95.54457852718289,8,91.12424931775264
0.03211488936199203,87.1507782682646,8,83.18015458665586
0.010967892039388971,114.46367105359931,12,110.09472312175649
0.04006912733120771,99.73705669687669,14,94.92711725962165
0.01886852314180487,107.51748377047262,12,102.45782519188693
0.007919594075701752,112.66389265418827,9,108.02419112042062
0.01978166324238373,96.34221167760302,8,90.98395783548682
0.02383645748318486,108.80744612250372,14,104.42562108321675
0.009578489570003512,106.97952834822672,9,101.84503937902997
0.004345438274413027,93.07619985761364,6,88.68761727441691
0.005342453064827168,95.60251702375395,7,91.44712573901529
0.004313347088782393,99.4467845779984,7,95.11929563457264
0.048985371524736365,110.38542431646583,10,104.28272959771226
0.008081144021616637,93.65911219340273,7,89.49716886314306
0.01551462956922478,92.46282306109492,11,88.30213839611349
0.014292247134221725,106.63288961318187,10,102.15252629765466
0.022780730409976968,108.18319348044255,10,102.75453015256664
0.0012041488067779937,82.4710101986687,3,78.70286770345537
0.010739242341742283,102.92907622194164,7,98.65869597216142
0.01073231356292581,108.2492715590501,8,103.93519642588308
0.010106535442901077,87.6733337497962,7,83.67460931990459
0.01821028916344858,101.37910646259701,11,97.42828280599244
0.009451583517602558,103.34036755847043,7,98.73746918744726
0.013831665685756889,71.68039756869727,9,67.0997662130281
0.009791823020123047,91.1210157247819,10,87.21152150788306
0.010089395832324044,106.06646437090951,8,101.58429494697064
0.01801664803190306,101.23113994506822,9,96.34451293667325
0.014489899663999495,98.71169497556721,6,93.5031297217693
0.02639645888348241,111.68686512856758,12,106.60311224065438
0.021548137143099666,113.5553105599294,14,109.15769297869127
0.02030752107987155,113.43125926244308,12,107.658816313144
0.5203775382121876,102.13416423483983,12,97.33654455449364
0.04769005457694675,132.972604161825,15,126.65946647289523
0.006406202934385874,88.92990570603621,8,84.35113121441587
0.007168368593511332,98.46658201006908,7,93.92969520856884
0.010415777777325275,100.21398017254256,8,95.5137887376747
0.05024969130465706,96.14255072574355,10,92.0008272167656
0.0028677850444864816,104.40704338872294,8,98.98433847433694
0.016775667296087704,94.43789942425127,8,90.26582588861183
0.01866904724909091,94.64512244727872,11,90.29216932640821
0.007255525336404389,82.19984372490553,5,78.44315877962458
0.03194641063726067,93.8724157561415,15,89.27776205502761
0.009661270241963393,111.15717400990191,8,106.6462986552443
0.003097893432482124,105.81512625954284,5,101.3291946193548
0.006351137377237137,87.78373156090237,10,83.75157428209205
0.009278728722279084,94.62883191905942,11,90.01464027872812
0.015222162172790377,113.8602836417505,8,109.04993950246943
0.01886560576122065,93.21394010225546,10,89.2291761366486
0.010144096716999229,115.0898947621557,8,106.44444508078831
0.0043888343095659366,112.46285622932739,7,106.59634013965024
0.027826704680137482,110.1188230667606,17,104.81929940471807
0.009231685961481162,102.02338312215062,11,97.12103875004598
0.012349271712423615,91.62235384084565,10,87.90179638034556
0.011760690193909795,97.49177260729331,13,92.75324242068814
0.0014969808757996361,92.97856142116953,5,89.1283713250107
0.03158502012627196,95.8343342478794,11,88.9726091811164
0.003554828155301948,92.08331009166028,7,88.02755971184912
0.01425103913447856,121.91778271842016,11,116.05264088172312
0.06046344048138508,101.97520021887846,8,97.43849575213945
0.019018403565610242,128.36671301998948,13,123.21152280240031
0.015995632681324423,88.09588129045025,5,84.09349419905755
0.011742091893097495,100.53449497393738,12,95.35133406985582
0.008523127169269173,94.12042047568667,11,89.1565423974489
0.028757713736354162,130.1308138955068,10,124.05123281720572
0.011218786763606658,94.80682837590021,10,90.54190910128271
0.00480601972299155,82.90138530248994,4,79.10340352367068
0.03367568793657938,101.86995777790219,10,96.59847048568709
0.024140959074316015,107.00085303089804,9,101.98779002080973
0.006804790046999187,94.37331937529454,6,89.55223374567885
0.005991205556370005,94.98107927641466,8,90.35839477931196
0.052769214050385926,102.56168236970919,10,97.7891446376424
0.012058992351398956,81.69850284734963,5,77.80997352019078
0.013909705614423729,114.30779395129431,8,109.37692222526009
0.003257255342987264,88.48287932337757,4,84.16586496779155
0.01613639629113095,92.48730681121629,10,88.5770224399422
0.008372152727815774,96.68375308914032,9,92.33938039697759
0.03666600296253364,107.84294892142472,9,102.56824693097836
0.00821971959601342,97.02989462539804,7,92.29810540281154
0.0116917670792418,66.38658533773172,6,61.83531751127002
0.01680520577383504,76.2482007439127,10,72.2240825670364
0.011978399714621446,94.78649679430083,10,90.95286250849018
0.01114184085247416,110.27883792074687,10,104.98287587939245
0.017174619081288256,102.81108260765518,11,97.08286185973542
0.01111339639248854,91.75421841173086,7,87.92381297063362
0.011604610336462429,72.64632298610947,6,68.38827194715678
0.012571721976655681,106.83051553738613,12,102.67637352206313
0.00987168631172608,122.31075047481487,7,117.1334586536391
0.009811515338697063,104.18851664607595,11,98.99219396452179
0.020886985784272838,95.95033041321915,9,91.83289110965866
0.014499016478112026,127.53622006765133,8,120.93321936039085
0.004365859937934147,115.71359566997837,7,111.17598880821264
0.005375638268105831,93.57343586292795,7,89.5044367363538
0.027500687407837177,71.93424782273078,10,67.76544617105826
0.014659107733677956,114.95686695281128,11,109.4554176609805
0.014484064902944738,93.85407555987052,9,89.20565949386928
0.013675950500783074,96.80029799986924,10,91.37299930764968
0.01637562149335281,95.48024472988793,8,90.92556467820405
0.010854114199446485,102.11771404800612,7,96.71999234028694
0.00267304989506556,96.6690276667469,4,91.9813213540458
0.012386832986521767,95.55250533706719,9,91.01664774066212
0.011374501948466786,86.39414989762037,6,81.9788416223384
0.008701452053173853,111.446056768686,14,106.69130520036687
0.009970512576273904,67.9616114974094,9,63.54459843312162
0.019753583454757973,94.32355358591711,12,90.10344978865429
0.01633951890926255,96.92100178867463,9,92.4684609192689
0.014322150284442614,117.5536456807458,11,112.51108761014862
0.04028610750697226,113.44473926381393,16,108.2231197149121
0.019633970853874416,98.17445701987562,11,93.56589947342215
0.017729650723822488,99.34664486275257,12,94.8902641690134
0.0019940295808282826,55.34221167760302,4,51.7542924063884
0.011113031720014988,79.15669596405986,9,74.58957700222494
0.009405634774566352,90.30264822497966,5,86.49689929160881
0.009321395412371203,111.64011617405654,10,104.85092903085426
0.01472839552093319,92.2721298011882,5,88.47059609511838
0.015348703552490406,97.70669206483207,9,92.74057056588215
0.010183116681446336,89.07187913113214,9,84.31898478120102
0.0015097444156708661,109.1982550828086,5,104.11048063843022
0.0038214037997477135,75.5528005452689,5,71.11142628247526
0.008367776656996284,87.27430101718852,6,82.55842349181124
0.024092092950695587,97.80038482923798,11,93.50454649651397
0.025472378606082202,102.38200317769784,11,97.83614850489165
0.017286573558521923,98.05099948665651,8,93.24029183028385
0.01899688788421372,104.21373945773223,10,97.95515894245268
0.02030423902670009,88.55782774551206,10,83.32062167019009
0.013708771031588185,103.84333466362202,12,98.83277063607342
0.010641145421914189,94.89001335663463,6,90.32074750086582
0.008736095946915157,91.1708270398706,9,87.25858105825323
0.015267381570765792,103.30332311107425,8,97.97510107777441
0.021534644258281332,73.0401630480617,9,69.02312478744487
0.018201901694510525,93.46462917247548,12,89.52127593100892
0.02961724697001955,83.18890623040144,7,79.36163858344798
0.011597681557532269,102.03078997213419,10,96.54430811540237
0.008463685541300947,95.99666915064442,9,90.88603461666624
0.012186263076273463,84.12858950580848,9,80.16444189453391
0.01924158317478941,100.07310527259818,12,94.77196143188448
0.003265642811811631,103.7703816734107,8,98.9527987506118
0.004156537886274236,118.56097871533801,7,111.64853604319372
0.022757756038345178,98.03610624654357,10,92.97487433836763
0.009580312932712332,119.9758979153006,9,114.36010907446538
0.00983011363928199,121.82342637520233,9,116.34095021183415
0.016156088609477592,95.43100492119724,11,91.52281123643088
0.0340760984120152,63.441231191195804,6,59.617576826522516
0.031286353296309244,79.70235670916,10,75.18068229718077
0.021448216860562752,108.13211059492195,12,103.41787532680004
0.00991654103700057,105.0829926861517,10,100.25031903930686
0.005735934761560202,59.98050930174774,4,56.00326360357079
0.023540708033806368,84.18942525853488,10,79.61769927985397
0.04864513202232956,105.01193043751765,9,100.27987961118662
0.015091244722270858,91.1191461440022,10,86.93318020716443
0.03123128773904682,106.9759532110611,15,101.57673542406556
0.008385645612634107,87.9159434540276,8,83.18037397079546
0.032811049286920024,98.86038846594761,13,94.81633298363363
0.019113947777441354,94.97802217634627,12,90.47208493142546
0.006849280099913813,107.58993086727834,7,103.54497698496483
0.0017748613697676774,97.62073788244258,7,92.7062258611022
0.028336152252222746,68.96066377138688,7,64.67794258631845
0.012554217693377723,107.56277473588659,9,102.6751353560909
0.007367479813410682,79.54866444038345,5,75.557931985106
0.013931221295706564,82.4931606453874,11,77.91378932208231
0.014999711908785684,100.70457427399785,10,96.16854044279287
0.01531697703944701,88.58368146552294,12,84.5702272361665
0.018790483213024345,93.41489774318632,8,89.62954060935029
0.021241082843971526,89.60053166410015,9,85.22704789925712
0.027426294204587975,70.89893912129892,9,66.34889199191103
0.0049424072619785875,100.80532420423918,7,96.4014866196006
0.013212816344321254,99.83305682304143,8,95.44562313936665
0.0029286853625762888,99.17343931307175,7,94.7591259282369
0.0029297793803380046,99.04749324440833,7,94.15031250752537
0.17477224375011247,129.27264989454108,11,122.24331521107098
0.003985871126360507,99.20551467797223,8,94.33056394102402
0.013074240770038159,61.88750981595835,8,57.800401062590645
0.011063800923693634,68.77822211160199,7,64.43537442917318
0.02427005316189934,88.0407802664549,9,83.69363062825934
0.03764770150542063,81.8669035365422,8,77.22471156323647
0.01243095836662178,83.70453857511134,8,79.45539786025729
0.034099437456006854,108.42928008386203,10,104.29623524151378
0.017824830263180047,81.228119832763,8,77.29030929773288
0.008693429256936724,78.30347921099472,6,74.25506562750078
0.04427307265086711,91.76587424446834,10,86.98249897156906
0.006490806969395635,107.51462334247645,10,102.56135710455716
0.04565554634154978,98.52562780680918,11,93.7795031552906
0.017458334336197368,88.71519421027922,8,84.34874172210439
0.023580457343314265,70.46025038831132,9,66.40593279723997
0.036219643744061614,86.27698279462476,10,82.42371901311802
0.004564241812886394,72.29747078923367,5,68.38500652138926
0.007809462961176905,115.06068746981589,6,109.10567162280262
0.00724349114193501,91.24573244207116,7,86.57942782516507
0.17671339580897438,112.2485099761411,15,106.59232005162342
0.025342555173210712,96.64313199112914,11,92.91250824251857
0.015280874455584126,113.7925801136378,8,108.94754358253573
0.10949111402374001,110.08360920313629,13,104.82315415924874
0.00943043250890696,84.28345226932592,7,79.15011406245337
0.004569711901240225,86.2143990976025,8,81.68110843385854
0.011742091892983808,75.59250502378406,8,71.50472340234728
0.009713053746054356,113.22883991898337,10,108.65165897933502
0.01791709242206707,102.32997613810096,11,98.42304031867947
0.013385671139758415,90.45066358548716,6,86.520735931391
0.0476338950020363,84.83499156310364,7,80.29099337299064
0.02806337717424867,122.810241440332,10,117.68161055228829
0.20302379196755282,111.06323994300189,16,106.07707121619323
0.026671421996752542,106.85509227088406,11,102.15412961173534
0.005757450442843037,95.90605473383323,7,91.6658251455305
0.01186206916690935,100.3263777364465,12,95.5894728834301
0.007294545300737809,113.75205253031496,9,108.73866875374661
0.01892760009718586,89.15700262364658,8,85.30860732672606
0.15503142383477098,105.8970910509261,8,100.50326595023478
0.29667462382190024,114.656724315123,13,109.59647328829182
0.013516223917577008,79.57561276719312,7,75.64215008399059
0.010320598237967715,105.86146965009678,10,100.20749493836391
0.010685635474828814,95.77567435711111,9,90.94524615600365
0.020031828621540626,87.64125530491742,5,83.02629340244134
0.0022821209065568837,69.2908843153868,4,65.33758789819034
0.006281120244921112,89.57093856974562,6,85.61639980545098
0.01468536415836752,96.09608540729846,8,92.12366015403441
0.005777142761417053,82.44221943722474,6,78.56967579338449
0.03084035875031077,94.03925003873222,12,89.4857114328822
0.013113990079546056,98.3126343103398,8,94.22374927052034
0.0258512734001215,113.22108674157238,16,106.73373033254961
0.03094720781155047,90.59178880808456,13,86.79169297969605
0.04211968115942,98.94191912339517,12,94.4240222987143
0.07605866268727368,113.82524764027885,15,108.11661020749477
0.055609648652534815,97.31631841473721,9,92.05280205928048
0.02477038391998576,107.31054515417193,10,102.43406048972004
0.014097511985028177,106.75322939385492,7,101.34269941242037
0.0015443883091847965,90.57763255013452,3,86.10174001855329
0.012679665055429723,104.42901548031912,8,99.79131316714434
0.024613574717477604,118.3191524744962,11,111.5219206745891
0.008361577223467975,100.98637457227892,9,96.86076714617143
0.014198161612739568,97.2605739005911,7,92.43617511520539
0.023052411470189327,112.00287154702235,12,107.0395822438133
0.02086619944816448,120.87743824634241,12,114.54224606144744
0.011338034692016663,93.14452443794454,7,89.20184647096828
0.007568779069060838,114.41402068781349,8,110.52238976057663
0.015748020010278196,75.13408536332354,7,70.86359652602641
0.005083535544144979,102.6031029076316,9,96.94222827751075
0.02840908676489562,104.79940630106388,14,99.16868054623497
0.015054048120646257,90.52804071808931,7,86.80758114035201
0.012704098117183094,103.22916006619594,9,98.95088552363741
0.033210730417295053,107.39059881354179,14,102.94146156038605
0.003185779520435972,96.5459747770741,5,92.29132220627552
0.02570285166643771,101.5523342173392,10,96.1242157740305
0.010796860606888004,108.8342714768102,9,102.91530053061186
0.016167028786640003,100.7269744541481,9,95.36514475086263
0.011226809559957474,99.97643374440858,9,95.45209795473102
0.012499881481289776,99.73985098342159,7,94.89812867503507
0.010430364679905324,106.69781850744238,10,101.50565150390918
0.020677663732385554,93.46883091873615,10,89.32496187696216
0.009275811341694862,110.69734984844008,9,105.64896510026334
0.022404388323820967,119.2685416252713,15,114.11265763774524
0.049072528267515736,56.18791296779922,6,52.29374062207884
0.00529541030391556,113.95387445186647,9,109.2202621244031
0.012508268950341517,104.0844443878581,12,99.26872804818609
0.057334914553621275,105.17568696356604,7,100.1914357689102
0.0033356599442413426,49.455862160230346,2,46.199767201613504
0.010328621034432217,102.75561928236013,10,98.68116322093655
0.004058076293858903,95.93618349031219,5,91.61294371462688
0.02321250272598263,109.64884586181833,10,105.39994310945244
0.01806369079281467,123.70345053308614,12,117.52920814318665
0.026982123021525695,121.13675185234604,15,116.47025927800993
0.016206048750973423,108.34832359801271,11,104.29489844464123
0.027746841388761823,105.40172953256055,9,97.99538353626598
0.01584611693010629,96.18279766773996,8,91.48225482875333
0.016490858023416877,115.16681743346926,10,109.27920580728666
0.025759740586408952,88.44070554775762,11,84.30287815312776
0.015078116510039763,96.34255025946207,8,91.94074678356364
0.014627016548274696,115.44012612076709,13,109.57224608052707
0.01986407924187006,81.37751219396108,6,77.04694995326827
0.029961133198185053,108.24359773501541,9,102.76673988368358
0.033660371688711166,100.42366224507337,12,95.09657511189296
0.014745170458809298,75.14181254772143,7,71.0140529928829
0.030215309975119453,106.9775643348662,9,101.71220888239719
0.03526675433386117,91.0298779463576,14,86.40120226268196
0.013480486006301362,87.48658809105522,9,83.45072779370435
0.010010261886009175,124.58741218578812,11,118.51361085614003
0.01443009336344403,92.70611147827347,6,87.80584547345431
0.017950642297819286,94.9949473254462,12,91.37824063898485
0.004539079405958546,67.8150357633478,6,63.747570927544984
0.0023860525873260485,73.97921761610884,5,69.95330679405383
0.18112483981758487,93.36266262329738,8,88.08922735960321
0.01230806371268045,109.487477365294,12,103.7275544720008
0.017145445276128157,114.2246747681049,11,109.07660861814033
0.003159887768333647,91.1138548102719,8,86.53562524511001
0.07790864660546504,93.53159117858088,10,88.43880076226364
0.0223402059525597,122.22648602479589,14,114.53230354268288
0.028954636921071142,94.05729249641914,13,89.41046872778328
0.08204840955363579,102.73603966470573,14,98.18033470527894
0.02147155590478178,102.69644021288438,13,97.90485020018035
0.016995200179735548,108.00295347200846,13,102.58546017590317
0.031785590036406575,90.7368508911572,9,86.24266793030952
0.044100582528017185,83.69064161159943,8,79.06729374389944
0.01449938115047189,101.50404392485932,8,96.98245271342172
0.006988220346784146,89.54697863743472,6,85.73860050344197
0.02003474600201116,96.01945604841511,10,90.80843534118571
0.009377554987167969,98.30478535849356,7,93.51313614723112
0.010584256501942946,106.24052755640413,10,101.81290069986676
0.03186800603612028,116.63458446376295,10,111.40544642832428
0.008553030319490063,57.13700790809895,3,53.34932571798125
0.012360211889472339,119.16444069634976,11,111.45489252638265
0.008132562853006675,111.21028309554833,9,105.46950110199195
0.012561511144895121,109.73824021889882,12,104.85319997440837
0.01581366107188842,93.50976236266759,6,89.3473886326441
0.004490942627398908,56.73377902775972,5,52.53842014118324
0.0313848148884972,77.64621178135168,9,73.70478872864065
0.011119960498717774,96.18372956751426,12,91.65831340713552
0.017938243430762668,112.32233429977683,10,106.3184183848781
0.011981317095205668,95.72546831627824,9,91.53626403316692
0.006440846827899804,118.14647464019735,14,112.93099572741275
0.009312643270732224,79.04521450077901,7,74.28496624790365
0.012786149444309558,109.03631511330754,12,103.13175832160611
0.01586690326621465,72.13035838309703,6,67.80565403885873
0.019560306996027066,117.82991117152048,11,112.40365816216685
0.028299320323185384,108.17370499473718,9,103.26248890518518
0.0066089608801576105,98.94260020838331,7,94.21014198115877
0.005076606765669567,111.75272007283222,7,106.37237553075076
0.016668088889673527,86.19283522152047,9,81.76500354148418
0.02972847210207874,100.88091340473878,9,95.50542292362859
0.012914149514244855,105.59182180642877,11,100.51575848677443
0.013030844734657876,73.31892674100843,7,68.78241392557283
0.03975076818278467,77.96889991178887,8,73.49321943117403
0.012833921550054583,97.60863896017314,10,92.84599179696525
0.03901558829352325,118.37576635548957,14,112.1387870882662
0.009120825501895524,112.42720174301562,11,106.39901971365572
0.005547763718368515,104.03927970481283,7,98.73133840955288
0.019950871312175877,94.89192333358164,10,90.15648378197048
0.023904651252678377,99.58845990973404,10,94.4578244676648
0.03534078286429576,75.86045001789626,12,71.35120050920706
0.010687823510124872,104.59304464241961,10,99.54042164651393
0.0019663144660171383,57.76248602314842,3,53.8844103965991
0.00928055208510159,107.45537248750611,10,101.618312724428
0.02552963219841331,109.18016752798681,10,104.21549803355991
0.006824117692985965,105.5528941430677,9,101.25189438556487
0.011529487788266124,90.74871741388822,11,86.95030605917536
0.03924569668151889,113.47937651820024,12,108.81214266649339
0.08236312197641382,115.18047757331404,10,109.20051219871635
0.021421231090926085,104.60625580886236,11,99.98386823162964
0.016481741209418033,102.96819959985194,13,98.12795931200657
0.00969591413559101,97.82982332362027,7,92.99733390228393
0.02553364359664556,91.08280197964903,9,86.48533740297803
0.02429667425894877,109.68918509561149,17,103.93668403960768
0.012472166366478632,104.32905039218754,11,100.11518484182525
0.014842538033462915,80.9656991623685,10,76.38659427075866
0.013909705614423729,93.5301347736077,10,88.79963014184084
0.12582516284464873,127.54444422835816,14,121.00262481401968
0.0018456078473718662,87.57896778584801,4,83.59124371296336
0.024317095922924636,74.65759774729362,12,70.71507272062128
0.007744186572381295,107.8706730306202,10,103.09931769262869
0.006519980774555734,57.68263492264471,5,53.91714424442567
0.026434749502641353,99.83956376515133,9,94.98954872850207
0.019647828411507362,79.53769784450692,10,74.70581244650928
0.017440830053146783,107.8252761244006,10,103.03677269039781
0.0037761844018859847,95.35887681137382,7,90.68059932604773
0.03259625714690628,73.12318486791662,9,68.73823654214306
0.009454136225940601,104.73152926218549,8,100.54358218664836
0.006302635926203948,73.14588852072478,5,68.84813963979845
0.0174718272210157,115.52182344400731,11,110.39789342202502
0.00936697948282017,75.87388287543521,7,71.16578858770745
0.012119892669488763,113.47005287768619,12,109.11676650694487
0.021392421957898478,91.72450831459126,13,85.86674422974215
0.00819929793215124,101.46432669701078,8,96.76384444175626
0.014506674602216663,109.42300551675325,8,104.79441843971384
0.019236113086662954,88.43286481376296,7,84.00507453856153
0.03189280377046089,109.41558023747706,15,104.85201027824321
0.0326166788104274,99.94841400626285,8,95.05086883555296
0.00660750219003603,84.56457156465385,6,79.8817259137812
0.09539323736589722,82.54698248397123,12,78.11018413009529
0.008948700051860214,88.0141150666726,6,83.417380139581
0.018227793446840224,99.89537944474,7,95.38539807865408
0.024738657406942366,110.73059343614152,10,105.74223148553186
0.038865343197358015,103.32652821353719,17,98.45737170671147
0.010472302024481905,111.80832382503029,8,106.68048768522709
0.014420976549445186,98.80132848186481,9,95.15801074950835
0.008121622676299012,101.3145849638739,11,97.21749282067829
0.025157301510262187,112.09756413730369,10,106.6650603982835
0.01894109298245894,93.62872635492343,6,89.11016734539238
0.0467459173082716,98.62171930721125,10,94.16319175170732
0.009589794419298414,102.04084522984259,12,97.85051172976553
0.008604084478520235,104.91941391611643,10,99.70601234316143
0.011907653237358318,104.59543182266026,8,100.12909240235476
0.0017259952460335626,97.1151238293456,6,93.05142915652172
0.01510182022684603,103.62759505438194,14,98.68892702910027
0.008064733755873021,100.41700793264538,11,96.16185074250288
0.016816875295717182,99.20947883178604,8,94.06458222230644
0.05717774067852588,80.64414687823354,14,74.51679258359671
0.014617170389101375,101.5233097804259,10,96.6280310889934
0.35626357949468,107.19156108320914,14,101.4752029341573
0.005231592605468904,94.77220965999066,6,90.87737986237211
0.02045484879590731,82.1516850933998,9,78.1572688898011
0.02685849902263726,111.53655307189098,13,105.50300126199082
0.025496082322661096,95.02047777542272,11,90.29374907550013
0.0035745204736485903,96.87993817220182,5,93.27037325247058
0.015995632681551797,121.0921427808079,11,114.04186765876949
0.02019119053193208,101.64321370948524,11,96.73978062213327
0.014503027876344277,96.30720720051437,9,92.48320373022646
0.006504299853986595,100.1972511135624,11,95.95378893894272
0.00042302017436668393,49.455862160230346,2,46.199767201613504
0.013346286502837756,100.92946647964845,11,96.8623712415861
0.01978494529521413,91.5734969815233,10,87.65802370741036
0.016817239968531794,54.455862160230346,4,50.85218669831845
0.031524484480542014,76.65747178285436,13,72.470309880928
0.007842648164569255,100.25617655042986,8,95.63698527654452
0.01431303347044377,103.69888589919636,11,99.2739107588901
0.027119239905459835,91.68195706767534,9,87.71311428613635
0.0023102006939552666,69.37788052522122,5,65.39229798071854
0.013837500446697959,110.07034751500642,11,104.36130695815717
0.02606351283247932,97.01561391715556,9,92.77694141316128
0.03555046958854291,98.08536125671716,12,94.08079941842806
0.018985218362558953,72.35424980463834,10,67.64173786265795
0.007445884414664761,73.09417268853046,10,68.45214088473428
0.011370490550234535,109.16436837514215,11,104.63885834014823
0.034495836533096735,91.76740556127609,9,87.59252685870068
0.025158395528251276,146.5795597235271,16,139.37640122652712
0.007671616732295661,97.72190356253881,9,93.12120828391404
0.011549180106612766,66.3590826788191,6,62.22328062663758
0.022057220042370318,93.54046826902339,14,89.26588833963723
0.02840434602194364,110.59236277401212,12,106.15316083543469
0.032834753003953665,113.06063625747234,12,108.75871390977363
0.007989975880718703,91.21376310755971,7,86.94598000569079
0.009812609355776658,104.78070839402028,9,99.6907569707092
0.00929769169579231,114.81752081847965,9,110.00770263151318
0.010094865921018936,102.61966563970401,9,98.69086429136534
0.03260172723503274,126.34381676780566,14,120.4875224742483
0.04699754137755008,86.644370692841,13,81.98145763489266
0.02887477362946811,85.58903206830621,11,81.25110755556484
0.011018946198419144,98.62914166745331,9,93.48889401901269
0.030020210153452354,87.94811232865064,11,83.66111691725075
0.010630569917339017,106.95449653442957,11,101.79577618408908
0.009534728862490738,99.76502747931735,11,94.91596361638226
0.059039758791186614,91.6346037660446,13,87.29582977041287
0.017797479820728768,71.45888779674831,5,67.49476439977191
0.024764184486684826,97.9035583930906,7,93.74409488294641
0.01914202756506711,98.55856664441097,10,93.81518800098128
0.015196635093161603,61.8554447535689,7,57.771539749196876
0.019280967811937444,115.45501035029545,8,109.17806930725001
0.02473428133635025,84.1176176506982,11,79.74274457457777
0.009156563412943797,54.69850284734963,5,51.24212946051763
0.028293485562244314,128.16957843336485,14,123.07706889092375
0.004935843155635666,86.78302480857704,5,82.68138452415347
0.009531082136618352,103.73157640158087,9,99.17637003334856
0.013318571388026612,102.28950619411823,13,96.85964746120297
0.015950777956277307,103.52306323759338,8,98.20247485650549
0.013876520411031379,113.60937478367367,12,107.8735876592517
0.010105441425366735,106.38431142701569,8,101.77229809873275
0.00808150869443125,94.8159685423661,6,90.01274842537002
0.02137054160448315,97.2817940522641,11,91.94089298518638
0.001565903990467632,62.35690870310859,5,57.64191394237913
0.04560558620005395,129.28287618611034,10,120.3345463706962
0.03254702635058493,105.05524911846666,9,100.05757912648201
0.00539131918867497,49.455862160230346,2,46.67045479458985
0.0055506810990664235,80.48355500526242,6,76.50899380979213
0.03095012519179363,78.40116090666628,10,73.65683465235864
0.01601423098190935,87.99204498858448,10,83.83176227320789
0.008165018711224548,81.07801670469803,6,77.28624579915024
0.04168061539212431,103.73567393690362,6,98.48700423429796
0.032994844259519596,103.04935194930405,10,98.63731296118117
0.06222736167410403,102.48658741594654,10,97.43193909331154
0.006799684631005221,109.57761476649753,7,103.68231933759844
0.038460921323348884,93.33282638815845,12,88.99450370974333
0.02106093459724434,108.36114710420512,10,103.19749669952905
0.027590761531428143,77.80730655534299,10,72.92418819040273
0.011861339821734873,68.03448972557241,8,63.96293473944564
0.24594611744078065,116.86415113864975,14,109.90671982622348
0.0055944418068065715,127.48977283204276,7,121.66196526605101
0.007318613690131315,78.22266872994109,6,74.3250855780529
0.021928125954673305,74.91749648419535,10,70.59976014352385
0.012149431147463474,111.90915400914483,8,107.05056223529499
0.017518140636639146,101.66633504647542,8,97.21419145372404
0.05216823366481549,98.2288405724128,13,93.66684866754872
0.008873212831076671,120.93742662453424,11,113.39034787732493
0.014644156158738042,111.4322763729208,9,106.25559928982564
0.008674466283082438,94.82926424046418,9,90.34240402154497
0.05030366284427146,109.3023732486107,11,104.97958124446346
0.003196719697371009,62.972121342845334,4,59.257380528633476
0.009061383874268358,57.93457082484943,6,54.22035030279169
0.007360915707067761,110.41582901505163,13,105.57321384305185
0.032043048866853496,79.14031503778496,7,74.75070453701059
0.017352214619677397,95.32907617886313,10,91.33584434648994
0.014935894209884282,92.78400976656346,9,88.7215669354879
0.0021884000570935314,86.34147200934491,5,82.53868949259842
0.004413632044361293,98.81044269994086,6,94.18254308262654
0.00755820356471304,99.77377566158522,10,94.95669208733088
0.014462913894476515,70.31096622357155,7,66.31029739788578
0.007711730714163423,99.9190713370522,7,95.19567193334126
0.03999692216393669,95.12349386627953,11,91.08752854026486
0.02578745570144747,102.25834936413847,9,97.58900340238634
0.008526773895027873,96.07134304476939,4,91.31849669789194
0.005358133984827873,115.39363993588876,9,109.87046878195235
0.2370455541672527,89.36313692904933,9,84.44133794792593
0.005219193737957539,86.45685310202433,9,81.86794084802678
0.017079804214517935,93.19479224543758,9,88.50433134261655
0.01989544108209884,117.35380594813817,11,111.6772391414356
0.018529012984345172,105.34538351224805,11,100.47475234127741
0.02514818469671809,108.67070329367479,14,104.11605764784868
0.017860932846815558,116.07668400451904,13,110.34285607059473
0.03428469111895538,114.6480098929586,10,108.94075664213376
0.008949794069394557,92.6613153884731,6,88.9260328699885
0.012608918577825534,111.91615946805783,8,105.03414306063341
0.17616310490984688,108.9291817196944,14,103.43653110079448
0.021778245531095308,117.9050582021964,11,112.67988699295958
0.16941702714530038,91.49885590999627,11,87.58013831349946
0.010415777777325275,103.72645413230131,12,98.91077509555655
0.03564929585400023,110.96030058657924,11,105.29521484492098
0.00881340653040752,102.09585523966035,9,97.66165009225573
0.03209227966317485,89.0450446729426,10,85.26587046600201
0.0132080756011419,79.66703356524789,4,74.91030366037542
0.02494506207813174,103.05102141524891,13,98.38567578063459
0.004222178947657085,91.54828576484029,5,87.31311800852271
0.1287264977650011,125.97490839678198,19,119.16043097285203
0.02886018672688806,99.62843270127404,11,94.5766746743457
0.31980142849533877,117.79732408231003,16,112.44366414899125
0.022503579261410778,64.7220057294055,6,60.24860718557694
0.03962422680297095,98.96647194756697,11,93.73078534320823
0.01703713752431213,125.0908275359221,9,119.21630887776645
0.014924589360816753,100.2489353855749,12,95.54482073579614
0.02193943080465033,109.49196877259358,11,104.54993776431934
0.0025578133650014934,96.83357923634472,8,92.26616250356588
0.009728005321449018,132.92789571929399,9,126.89119190355494
0.007014112099113845,79.09317229025342,8,74.86635350475986
0.13727770472178236,123.73588885794824,15,116.38232809020805
0.0077835712095293275,86.45805187848443,7,81.16635225705882
0.012801465692064085,104.38569549961846,12,100.20134156581756
0.02470474285837554,77.24225501625557,10,73.10520096508604
0.008973862458333315,66.35979720717268,6,62.31394197736093
0.015609444435995101,94.34371879238174,9,89.67296864084646
0.0015505877427131054,85.14689218020285,4,81.3110525176257
0.0024144970475390437,85.35511115058347,5,81.37916576984546
0.01829781057904256,127.42925039287543,11,121.62043862127437
0.007620562572810741,86.65999835344086,7,81.95363340379183
0.048586055066607514,92.81668202252243,11,88.52725137763426
0.010663025776011636,68.91418628482374,9,64.20767398166754
0.009558797251429496,94.84653448910841,6,90.87970889349741
0.023700799289144925,93.62029853481702,6,89.20606285836936
0.0262276154862775,105.80011189461747,10,101.27546353042828
0.014912919838479866,95.76676865022732,8,91.1033278006296
0.015862527195622533,107.78518593993618,8,102.96034640600898
0.034630765382189566,84.09506290294999,10,79.95567315152157
0.029350671326028532,99.97909622715747,12,95.86962118701973
0.01034503129994846,111.41703650045132,10,105.87672432956171
0.0072836051235753985,86.23495878674449,8,81.57442109416121
0.022088217210693983,102.16474305235981,8,97.21507322167292
0.009629908401620924,105.9761970501075,11,101.3591532521152
0.015012475448202167,98.43863212473661,12,94.05537244715711
0.0172581290985363,92.21529398675719,9,88.48562137321767
0.012430593694261916,87.21725642654457,6,83.2413084159077
0.007919958748061617,69.3126697536485,7,65.21414329952965
0.012171311500878801,99.40196576943745,9,94.22062841832212
0.012886434399206337,62.59297668060836,6,58.13547555657241
0.022771613595978124,87.3942478315444,12,83.19834006469108
0.13319081929512322,101.45655609608589,10,96.97393497733137
0.01179752212283347,89.37663403308756,8,84.0489879365887
0.03160325375438333,91.84345828691397,13,87.72776409323697
0.008304323630909494,85.73677886473807,7,81.12455955615403
0.005591159753748798,89.74963118847272,7,85.47554288133533
0.02777783855663074,87.57912277811496,10,83.66863545784412
0.0029990671678206127,76.81301743242983,6,72.17106231380266
0.010339925883727119,106.54930230509112,8,101.84168770850587
0.01652076117352408,112.8377687604008,11,108.22820095987734
0.004136116222525743,65.7884439420019,5,61.51782964775307
0.044476924614173186,96.74867493451065,7,91.72465629149403
0.006351866722525301,99.30478062858833,9,95.14215332131842
0.009697372825939965,82.21536517033843,8,77.90386701171056
0.019343691492849757,83.521038162528,9,78.75440284168495
0.017628271750709246,88.17773249060862,12,84.31282181184005
0.005741040177781542,93.12226853864487,8,88.6508060077568
0.029227776671632455,121.89589488252018,15,115.70320619421219
0.010565658200903272,98.81365071926959,10,94.39441990310978
0.013567278076607181,102.44881381745793,11,97.73197831639173
0.01633368414877623,96.98042551457611,10,92.8746866668408
0.22958289481448446,68.48395943222422,11,64.04508017130439
0.006209644422142446,94.20190779087669,7,90.02921619813455
0.00966564631289657,115.03840013392403,9,109.51558066633189
0.03187274677975438,103.98259133693371,12,98.72636376815609
0.15792655932182242,101.44209553669675,8,97.12240014336878
0.04014716725987455,104.18255688328354,8,98.4475111884891
0.018142824739243224,107.59255797749084,10,102.99569380156052
0.017506106441942393,102.4579625226868,9,97.56431952820988
0.009921281780407298,94.88395951261657,8,90.42101436668717
0.011978764387094998,96.31785444256316,14,91.80490945980488
0.007565132343188452,99.35897399353654,10,94.06578963493006
0.0060703395029122476,95.37344643369696,6,90.97362466381588
0.016157547299826547,95.46911622379824,12,91.14822264988506
0.0045857574946239765,95.91045911736254,7,91.98584031896183
0.03338358521250484,100.21914085255953,15,95.74842689838368
0.03210577254776581,97.89538156426431,12,93.49891136411381
0.00673039684397736,98.2293216429024,8,93.58057625791483
0.024037392066020402,95.73752413723768,12,90.9183173398502
0.15623411395154108,99.19887501466104,9,94.16491350519766
0.007389724839867995,87.71548256218334,9,83.63147377550388
0.028115160678680695,100.32795286502551,11,96.19864384883802
0.005024458588650305,93.49546868991877,7,89.77255010889944
0.021273174029374786,87.76900704508013,10,83.61259512898974
0.007382066716218105,101.2545885942109,7,96.94785361475087
0.009551868472499336,101.4249771161227,8,97.07377680925704
0.015931814982650394,96.48830929819742,9,91.94009059049546
0.011148040286116156,118.31373555964042,7,113.55270070307932
0.01167462746889214,94.81347449964753,9,90.26349429249399
0.016798641667719494,118.28745039442862,12,113.99310260226798
0.006157860918392544,99.39775005547384,9,95.17229837020375
0.01330544317534077,101.8339430035008,8,97.45306286310182
0.015649193745503,104.21612071409533,8,99.35761598834792
0.0042549994786895695,103.86153149004349,7,99.3995860286758
0.0066107842430938035,57.682634922644695,6,53.73035649395637
0.010572951652648044,81.4487172484901,8,76.60456496203362
0.02700765010104078,108.31352318509798,12,103.07001677954796
0.019270392307134898,93.02446547615226,10,88.69876826162745
0.014473489398824313,85.16787980111611,9,81.20462741651374
0.010184575371567917,111.79220291264562,9,106.32238579413992
0.011532769841323898,82.0955987372344,7,78.14497128353479
0.007713554076872242,94.57220626850136,7,90.37794921285727
0.058493114617249375,87.64453372603445,9,83.87280916742448
0.01650909165164194,95.01403600495988,10,90.43129158602866
0.004627694839200558,76.19239581431833,7,72.15304138801918
0.024202953410167538,105.98458204527547,10,101.69828173575489
0.015370948578947718,114.2115681388653,10,109.0630671749373
0.012104576422188984,97.67940479304704,6,93.53199204490258
0.010924496004008688,69.48748894826052,6,65.55330325934375
0.015165273252478073,105.32675044229298,10,100.39300275406502
0.0127686451610316,100.28195116453739,12,94.68971466610398
0.013410468874099024,109.88423861463157,13,104.79937556572496
0.021507293815830053,109.26089383173836,12,104.07672297337768
0.026737427730950003,105.85152652442656,11,101.11269047824027
0.014499016478112026,100.37473109410627,11,94.84662463063563
0.018745263815162616,75.69671093454194,7,71.7779291228916
0.035214241484482045,119.7073228668475,15,114.21375003883891
0.01601058425649171,72.7967226620514,8,67.99100527600335
0.007740175174149044,122.13599216160743,7,116.8816353105754
0.013122377548370423,92.02662873180242,8,87.82232106655547
0.03147051294081393,98.68703252965533,10,94.81703149189431
0.036748783634720894,106.74038614661595,12,102.39054200358974
0.011491926514281658,115.10059621224087,10,110.17955435080631
0.6476566505702976,75.21537012574963,10,70.33716951866596
0.017686984034298803,72.49876057577052,9,68.09026262998539
0.01364531800527402,100.23770637256159,13,95.17509854758032
0.017567736105320364,102.98087975367977,10,98.83883641702253
0.028954272248483903,109.39376280859072,14,104.24513750623142
0.01804873921764738,89.57173997549312,8,85.6456003156486
0.032897112012051366,94.89020072275522,11,90.44310929201701
0.011782570547438809,83.21642190594727,4,79.14198213942609
0.013541386324504856,102.65838328776574,6,97.13582030677861
0.018135895960313064,73.45529854609538,7,68.75942768826238
0.01719868747068176,96.10458704075937,7,92.02012285115605
0.008318181188315066,88.60130906611349,5,83.12703263239337
0.06358868435609111,105.07881898541746,10,100.34333726348616
0.01840794169311266,100.12350393058719,10,95.09875143290196
0.04749568410034044,111.89595561839234,13,107.14545399740469
0.01042015384791739,78.03147560101469,6,72.83689538239832
0.03030793680682109,106.87161575767416,10,102.22908316202066
0.011374501948012039,75.76924647889255,9,71.52892965522881
0.01861689907264008,91.17880897272603,11,87.32661148237972
0.011362467753770034,77.29424077815536,7,72.39796555176956
0.03877891579941206,93.38672467131647,14,88.25037893043056
0.009252836970063072,90.81447421112703,6,86.907031104815
0.008297394851979334,100.00667512643062,7,94.78607160143004
0.016866470764853148,95.55731084035568,13,91.19897108735287
0.010917567225533276,89.25666320239318,9,84.82754693057099
0.024054531676483748,93.09684848501779,12,88.43690994246307
0.012131562191370904,90.41279628734452,9,86.08646273381835
0.024077870720702776,108.97977858368651,10,102.48879101953423
0.019701070606060966,99.009083948496,14,94.28261603838463
0.017060111896171293,100.6294132376292,10,95.6631711170504
0.005597723859864345,88.67694262277415,8,84.26597003101011
0.013641671279401635,119.46250957024252,13,113.53039653183289
0.011187060250449576,71.57815436620272,8,67.38143355779309
0.023538155325695698,83.79278681569582,5,79.64117036624728
0.011892336989603791,89.2870952079346,7,85.20596837665649
0.014249945116716844,96.52874094202014,6,92.13028911845379
0.011124336569537263,95.56165750537353,7,90.78793123311695
0.031578456020270096,95.1695478343234,8,91.16036728294064
0.016877410941106064,85.44718485214581,11,81.47525539281969
0.025776150851925195,120.01072548087905,13,113.1831228492182
0.013868862286926742,131.06289364182385,10,124.90857890032609
0.050717201531824685,117.77800179317433,9,112.46189684413334
0.055597979130652675,90.86757287472025,10,87.0067932765757
0.05707927908588317,92.78252281401073,10,88.16179146496926
0.04582657777427812,116.6419454404463,15,108.89338089951107
0.01622136499872795,105.70293833085978,10,100.34638803880858
0.006866784382964397,93.45793505518427,8,88.81231545018262
0.015003723307017935,104.79115315654578,13,99.49031547411421
0.017916363076437847,88.63486090345016,8,84.6220719822112
0.02503294816642665,115.42331804027532,14,109.68174030756138
0.0047400139887940895,98.10420892715888,6,92.99428253413969
0.012925454363994504,105.30315532756721,6,100.14796764321171
0.01973060908358093,94.22114615414158,10,90.24950054519508
0.010005156470015208,106.33479630797336,8,101.6515343326331
0.04937447715064991,95.50611079632036,9,91.15387342041234
0.01749698962794355,116.74818182155485,11,111.27549313050001
0.03328184156725911,108.53259240880897,13,103.7413157440377
0.014300634602932405,95.43130507748816,11,90.89266334001087
0.005682692567461345,118.69233245695929,7,114.19741053247763
0.014016919348250667,103.00778785709608,11,97.68206718156517
0.004910316076347954,90.51679249552596,3,86.05509531844508
0.013196041406445147,86.48287932337757,3,82.63838861875237
0.03052965772576499,97.61823658856072,10,93.03166635314435
0.01350747177593803,93.76081607910179,8,89.12106888611318
0.023168012673068006,98.6701790692601,9,94.6471755554999
0.012914878859646706,81.90652904252617,8,77.26402433439219
0.01576443027533969,115.09214917003358,15,110.22723236906684
0.013557796590248472,86.89855907484338,8,82.82043823996382
0.01713705780730379,113.85055270898128,10,109.36544214128328
0.026774624332574604,88.80827394732187,11,84.94872749194391
0.024508549019174097,98.49072333457816,11,93.30942183779231
0.013298514396865357,97.11084340649458,11,91.43886029849753
0.008376528798635263,123.68461187577842,11,118.13824789259208
0.03489187093782675,93.0110053896885,10,89.11659128887614
0.018992876486208843,112.64189829815429,12,107.40916953231718
0.010951846446459967,97.10122426422745,7,92.38501300392895
0.010916837880358798,82.64146452100702,5,78.56281060654052
0.016040852079186152,92.0498874072621,10,87.91639860330865
0.015397934348584386,100.23535991989344,13,95.47473920036741
0.022589277313727507,122.99523982495988,13,117.37569498781764
0.037971895414557366,131.034614908484,17,126.30305750392709
0.018904261053194205,94.25300813328491,11,90.00903178786072
0.008218260905778152,94.88192108421967,7,90.39413733092533
0.033661465706700255,103.30992375884821,11,98.60912001954995
0.020173321576294256,78.51305077212454,7,73.79147408539653
0.017478026654771384,94.16533365032232,7,89.92715355436843
0.005656071469729795,101.44834685693665,8,97.38081243778173
0.03066312788405412,94.07614798130189,10,89.15005909349907
0.008891081786714494,97.70927887633022,12,93.24501719380343
0.007481622325940407,104.27076082137714,8,99.61897097353143
0.011528393770277034,73.01221134633438,8,68.5656174297677
0.02354727214014929,74.48984816842976,8,70.29149278620469
0.008564335169012338,106.71032013569877,8,101.92105010155521
0.025144537970390957,108.25686163423474,10,103.88123942000038
0.02385067971317767,83.98003390609418,7,79.24595892616549
0.004416184751789842,95.79603677605826,7,90.53529668002417
0.041861857656840584,127.06938232934733,13,119.291898126615
0.0031299846182264446,80.755777594228,5,76.64551792587586
0.009773224719083373,104.70129010505349,11,100.71872159017582
0.021659726947746094,107.03062038369369,15,101.91068160612356
0.006212197130025743,103.24895651325194,7,98.23912383502285
0.0089589108833934,104.87748421978549,9,99.75669008442266
0.033399630805433844,97.39930383889553,14,92.87323684811892
0.014013637295192893,102.74968276684952,11,96.77100218538311
0.018063326119772682,100.7348965178005,9,95.98259192884814
0.006845268701908935,101.05615819288568,7,95.86665529735698
0.03088776618369593,98.31024071587565,6,93.49179859547134
0.03297369325036925,99.72106776151315,10,95.81828252067028
0.015476703622425703,106.15590965525658,10,100.9757989552288
0.027497405355006777,99.10912513252009,14,94.86807803040995
0.029337178440982825,99.70847642455786,8,94.54177137542572
0.005602829275630938,86.11141473764864,6,81.46751084848867
0.018308750755750225,102.87337420647918,10,98.21875940810824
0.01369710150947867,90.08147249209573,8,85.56156723804932
0.008186899065094622,90.0819603774439,8,85.67652257152172
0.00951138981827171,106.86475543161531,6,102.65227790915577
0.007581542608477321,103.30782262622417,11,96.83990760988662
0.11690016650936741,96.91357472041713,9,91.81664617395732
0.011048484675939108,99.51341075721687,11,95.3991341488751
0.01386193350845133,96.72205025349756,8,92.5821038696
0.007839001438696869,109.24698795469055,9,104.14595560912855
0.025669666463272733,105.51088398073766,12,100.9793402172661
0.0059182710433560715,77.39877441564948,5,72.92166370656427
0.03892806687827033,78.70707212422795,11,74.3350589807004
0.011460564673598128,105.57349931113554,11,99.58936457810425
0.01692882977295085,96.63441717225281,9,92.03526995168004
0.0034782469169840624,89.37617167018658,6,85.34821782789302
0.010594467333703506,103.90796414782261,11,99.46638976093925
0.01618125101640544,94.56666253236936,9,90.51874175895406
0.01645183805931083,55.14141988051331,5,50.97802660886836
0.016640373774407635,91.1945849041607,9,87.4310460473754
0.015849763655751303,101.1252964888821,12,96.47064653828238
0.12906928997563227,102.52074331600632,17,97.41291007226563
0.053388063392048934,106.69158902420598,14,101.58832848941721
0.04277208037683522,100.76933873395983,12,96.5980252204666
0.010897510234826768,118.20851897521985,13,113.71996790320016
0.014340019240080437,99.78096218437156,12,95.7492466501258
0.021049994420536677,123.02581963898655,11,116.84482193893784
0.00916203350197975,99.29622412073508,8,94.78636191038667
0.02200288383073712,106.5690991320682,11,102.42289867657394
0.011044108605346992,97.085599809754,9,92.63482738614869
0.02710611169322874,108.13298801173559,12,100.70202370998528
0.0019451634570941678,85.48322475248386,6,81.38772455861627
0.01930613021886529,88.24434234236949,8,82.97287446956496
0.030998261970580643,105.19934227313979,9,100.1404464154875
0.020133207593971747,98.88671624261842,11,93.58842393063183
0.04147165801259689,93.32511322342894,11,89.35158252164686
0.010686000147416053,85.99888778889827,8,81.59421657116914
0.014025306817529781,81.53230821343375,6,77.17811030231846
0.012794536913133925,101.28907750189268,8,96.56736738333704
0.021597367939193646,111.73164309802162,12,106.688743202356
0.09794266326207435,102.46682391998854,9,97.49714216333084
0.03219730536147836,69.35044394640725,7,64.920705026956
0.024781324097148172,84.62700702186939,9,80.27140257098903
0.017338721735086438,84.32270648833477,6,79.39852199766227
0.018002061129209324,110.00556941284472,13,104.92165279918991
0.013805773933654564,100.15446029939835,11,96.11216123068161
0.012936394540702167,96.2562527123903,8,92.2344278716226
0.008247070038123638,96.611231531641,8,92.63214300463908
0.006535661694670125,87.83397205246695,5,83.53861656605002
0.04272321425332848,91.6608748449459,12,87.41549254721751
0.05508780221316556,124.70034758181993,13,118.8609192179309
0.01929409602416854,103.71123991197832,12,99.08276120290319
0.015398663693758863,116.03360985579991,10,110.10680720740493
0.014278024904342601,115.12361316515768,9,108.6546886311242
0.01620969547639106,92.86378745749906,12,88.89815253960494
0.013907517579355044,84.7283624094581,8,80.90028287257266
0.015844293567170098,98.09717813923355,10,92.59636789117594
0.012770468524195167,110.25296686995337,10,104.65637460874561
0.03453631518823386,60.97861273663015,4,56.80292084982934
0.015687849037476553,92.50386713813836,11,88.17364514753581
0.0030304290080493956,105.141767946551,8,99.55045570969418
