Run Time,Path Length,Heading Changes,Total Degrees (Degrees)
0.10368447059552875,67.74106663706965,3,65.19440548576947
0.10387446507073772,108.57418990150249,10,105.04379036478042
0.10353386077161097,85.6883138057622,8,82.92468370558835
0.10498890483319201,94.89197011657294,7,92.05661241480213
0.10423038562314346,90.32042303774358,6,87.42748876658335
0.10445137727760923,69.79782261571344,5,67.23665603560372
0.10457244861306236,106.4865709093979,8,104.07584470865257
0.10354589497061539,81.24516545721839,7,78.85709331482164
0.10372896066458281,106.02836793653513,8,101.88938414614077
0.10393244802958179,104.61459074919894,5,101.25961436235306
0.10405279001963663,105.77265882927736,9,102.70665802103758
0.10440688720855462,105.88373950638322,6,103.00833109340596
0.10429529736322252,93.46442756711377,7,90.857422709845
0.10399590107888912,76.70840841267679,5,74.36504113951098
0.1036899406859817,95.59403751765495,9,93.02888621792601
0.10427414634679621,105.42127968057856,7,101.90043267082339
0.10444517784175389,99.64836426029012,9,97.06030158208952
0.10484194173623962,97.54488636641798,8,95.32702879592655
0.10423585571361116,100.603096843654,8,97.99583284311572
0.1033664760036288,96.87590533604258,5,94.06602557792945
0.10341898887202206,116.4812725658576,10,112.60568406856513
0.10371400908400119,100.12094343298637,7,96.97511726860243
0.10371510310208976,106.0784826502696,9,102.60775722391836
0.10383252771056561,96.15597937197256,7,93.62065444892598
0.10342701167135715,54.88634951737267,4,52.75240624976963
0.10400975864136797,85.1259329966296,7,82.71094737076905
0.10378366156913899,80.79810362865464,8,78.24004929272553
0.10415526304754508,110.56060133158269,10,107.1639322404906
0.10422929160503713,117.23481383345955,8,112.83082706349748
0.10478578214087975,109.97113059946467,7,106.58085760635103
0.10442657953419143,87.44088252947856,5,85.006589433657
0.1044437191509644,118.9383706821,10,115.50132817773019
0.10390947364965086,77.48548801112207,9,75.10298756216262
0.10403163900321033,117.3292883298565,11,112.73657444755018
0.10353094339004087,102.76160904911217,5,99.91180273102339
0.10454145143378923,91.95615406479111,9,89.52883934165905
0.20431845407949822,109.28916026259084,10,105.13752051282275
0.10470993021988306,98.8133523587874,9,96.07536897382845
0.10416292117417925,85.56654248859128,6,83.31299341056739
0.10371984384715915,116.62047561756673,7,112.13610725579504
0.10383945649181214,98.38704782870359,13,95.58386312102694
0.10460453981039564,89.726261716454,4,87.16544332108279
0.10371619712017832,79.08445434507931,6,76.79458591787159
0.10436859657534114,64.47213595499957,6,61.968278410563975
0.10365748481592618,114.77558465878819,10,111.68335950027326
0.10373625411853027,98.94656388721145,8,95.70513866007268
0.10364690930774145,93.29419824044118,7,90.26036000268763
0.1035280260084619,90.30628759325954,8,87.70377071715649
0.10406628290942876,86.8549864614954,3,84.3800601407257
0.1040411204933207,102.07661784767967,10,99.55988700341301
0.10374391224516444,119.92369242880615,10,115.7155778972192
0.10448784454732163,83.50559927097682,7,81.10418518902082
0.10392478990297604,96.87673343015832,6,94.46040650739116
0.10511726962255352,85.713954209771,3,82.94736600855188
0.103862795544444,92.76258532088872,5,90.20791056328991
0.10496374241705553,107.7125587812628,8,105.14621153365957
0.10473764534486918,97.7813727780717,8,94.64683305391416
0.10489080787766625,131.40429624734895,11,127.45502780445814
0.10409618607059201,87.17910346834277,8,84.62532435971458
0.10371692646555175,96.72267945691829,11,93.96470568111471
0.10419683573502425,94.09147614693046,6,91.37253960286574
0.10377199204282306,80.45257573115809,6,77.87114242418875
0.1041902716264076,106.96449461145795,8,102.45711802109429
0.10443095560657412,107.50896518036924,7,104.03705676783828
0.10423257365931704,97.01097863483234,9,94.59360518927791
0.10394265886509402,62.20586815591588,5,59.793538677519905
0.1044532006411032,78.7646407753303,7,76.2094913585035
0.1047547849615853,99.60119606354584,5,96.68836061065072
0.10343102307103891,100.95556746091955,7,97.4600888591962
0.10405898945549552,93.14894329887595,7,90.47619480096138
0.10414796959361183,114.68267243460319,9,110.85424598424794
0.2054245063699227,109.66245320640473,11,105.49667069894556
0.10416693257388943,96.93554617107704,7,93.66187403344362
0.1039375534473379,112.74680711625378,7,108.6219051423166
0.20562762906223497,129.6071915877621,15,124.24285387739712
0.30918008814137465,77.93341811419778,10,75.33996301093845
0.10497650596147423,88.54254970287369,5,86.10369398750608
0.10451847705388673,107.5487951836132,6,104.19247863132773
0.10381392940297474,105.93122071946777,9,102.67176890589931
0.10404841394728237,111.75026002598366,8,106.84691175977169
0.10391895513981808,95.9667092364454,6,92.91943240105023
0.10422455086001037,98.89384804053321,13,96.44650856783281
0.10393427139302958,95.53896964623254,8,93.19325997782725
0.1037818382056912,63.99851445020445,5,61.54579816194564
0.10468039173144916,70.81813537479798,4,68.44976058619345
0.10472889320010381,82.91614259934595,6,80.22109012417795
0.10322461832447516,103.75193452232925,8,99.59636178910809
0.20559262048334404,109.83428070643772,11,106.93774627724994
0.10340804869110798,77.98329262619671,6,75.66757888499797
0.1035761628045293,94.13484109845707,7,91.30274192998718
0.10480766250282159,88.16575741768406,8,85.72839364854428
0.10415489837487257,75.3919174390823,5,72.89871386591865
0.10383435107405603,115.94125721022185,11,112.76762587922286
0.10449513800119803,104.47261074676051,13,101.82370458377184
0.10446304680397134,93.81800867991925,7,91.67716100262928
0.10360132522066579,113.09095606688629,8,109.07040881625798
0.10426430018401334,94.96698278242206,10,92.68740730097899
0.10435802106712799,98.11482177950725,8,94.02027484654232
0.10372567861031712,102.78534101601198,6,99.42472493120542
0.10405971880084053,83.44167462995684,6,81.21540805605407
0.10402872162171661,91.38375223733036,7,89.08352705075372
0.10431207230726613,82.02477467362635,5,79.55303881884667
0.10456223777759988,106.51556285058109,5,103.17873753944393
0.10442293280732429,61.38905042258273,6,58.9720987132847
0.10474931487124195,93.52652826725678,5,90.68171921027732
0.10456734319529915,96.49290718593207,9,93.98843661160693
0.1033803335661787,107.00249874156418,12,104.13573496169347
0.10400939396856757,103.48289781469735,8,98.90744870165867
0.10433212930570335,86.38569484086246,6,84.03881444174147
0.1043525509767278,97.4424260434509,9,94.05299940392821
0.10446231745856949,102.06603717096881,8,99.37445086435963
0.10417094397348592,127.66277836220159,11,123.83998997065225
0.10325561550371276,57.7330440701711,4,55.385412843222184
0.10371145637509471,96.67968528710894,9,93.0935531792614
0.10368301190476359,123.61563993833326,8,120.01290257856441
0.10383544509204512,85.01889023339675,8,82.83061036839702
0.10323227645096722,49.41421356237309,2,47.68193547657058
0.1039762087532381,103.04681041466831,7,100.37932061202504
0.10484595313585032,77.86764298407797,5,75.40657569259463
0.10386461890789178,108.50993429361857,8,104.60501012713682
0.10466179342381565,113.53866871855018,9,110.27831228501654
0.10448055109338839,85.66632037480002,7,81.86363075953672
0.1038113766941251,121.16928950364155,11,115.33615896726766
0.1034674903406767,85.5348404558576,12,82.1036753593067
0.10443897840593763,83.08358073300282,5,80.84856520889363
0.10390983832235179,99.77458594630643,6,96.92796171921144
0.10382742229285213,102.49490259815543,13,99.4099175294073
0.1045976110291349,85.35391730131727,4,83.14822396707149
0.10386133685369714,99.88657068756778,7,96.9597968008782
0.10403966180263069,90.54581716644576,6,87.80069118220301
0.10430222614445483,115.05027375641801,9,111.91534038033353
0.10404330852952626,72.45058051577453,4,69.67917389142242
0.10436604386643467,109.05261507843701,8,105.73394385485301
0.10415672173826351,110.92697916162794,11,107.02491362618228
0.10420485853433092,93.49375553015527,10,91.04612031356842
0.10433322332369244,60.19428528519041,4,57.779729096885475
0.10485251724446698,79.96336845044874,8,76.49605330993106
0.10378803764149325,90.15455224396729,11,87.97113913563132
0.10444335447823505,91.0729427454867,7,88.76773455594662
0.10346931370429502,102.78744710519554,7,99.85556142343476
0.1040706589817546,81.01976483783707,5,77.55427303476635
0.10413848810344462,94.62286927463708,3,91.88691013869254
0.10431571903427539,108.86231388089456,12,105.74848757006264
0.1047540556162403,71.37442455748021,6,68.53995481954452
0.10406847094566274,111.28033371823344,11,107.60648371152823
0.10503777097460443,121.510896120907,8,115.69359319285908
0.2052622270197162,112.43206535120603,10,109.47169483191792
0.10418516620870832,113.99956150854322,11,110.45112346875285
0.10425044262149186,104.66577269812807,8,100.91503828177727
0.10448747987470597,95.52411181747212,5,92.92189955854731
0.1041311946495398,85.2182470629718,7,82.25062255722423
0.10444991858685171,81.4503447818204,10,78.84220362446625
0.10421652806064685,106.78335603666514,11,104.16151813082612
0.10445465933185005,125.71686188823499,10,122.20026194051701
0.10356558729631615,96.90216767566653,7,94.09494726955323
0.10447070493057709,96.47915466676419,6,93.83790231618514
0.10409071598007813,85.02201489428845,4,82.65801832539171
0.2061217605668162,104.05683633305651,9,101.37627082407944
0.10419100097180944,70.8784443611129,5,68.43076670392318
0.10371218572061025,119.45669838909022,12,114.40368917141987
0.20486509845250112,111.30963879290354,6,108.0514872312441
0.10462350279067323,105.7553669076231,11,102.80660811956596
0.10426794691102259,111.87951282807914,10,108.42042161054269
0.10439084160987022,91.39491136432048,7,88.98121348555514
0.20411168466023355,75.63859536165276,11,73.1883191977592
0.10407284701796016,100.65225318899357,9,97.7138988001244
0.20498799315146243,101.09513391293676,9,98.08354862268723
0.1044962320193008,101.4858804935192,12,98.43049064382512
0.10405461338314126,87.59592562834234,7,84.63527882745015
0.10455275628737581,51.65028153987288,3,49.7048787975955
0.10439266497337485,66.24591891859856,3,63.841699935870736
0.10403747376631145,119.13465655939558,8,115.49870855989016
0.10425919476620038,72.05997848692523,5,69.48804372185839
0.10351125106433301,109.99642095590711,7,104.56988610829046
0.10419938844381704,101.39824508931034,12,98.27340816335038
0.10457500132190489,64.71253928817143,6,62.15626361462121
0.1048357423003381,105.01084551372874,9,101.75469554711451
0.10440068777279521,80.84510854935928,7,78.62206952069079
0.10485908135296995,95.70810851258179,4,92.69806952579384
0.10415745108389274,109.07506490261247,7,104.04959237814805
0.10416292117406556,101.42090772404921,8,98.30134765919884
0.10397256202622884,74.98129434832015,11,72.3936697595514
0.10445137727765541,81.13830599525949,6,78.90727588291354
0.10447799838448191,100.9449988771989,9,97.8761086156488
0.10348754733900023,109.08458257053937,9,105.15248098597071
0.20746010936522907,106.68011625686985,8,103.47949676359436
0.10423220898655927,123.49271588043888,6,119.67952567501361
0.10426028878418947,100.81841112500507,5,97.7684567479681
0.1049750472705,91.17509258978562,7,88.88544341778325
0.10456880188598916,94.87679805494771,5,91.71163724532013
0.10371984384710231,104.30865033499812,7,100.98336502855193
0.20573374881701056,100.94073097527894,10,98.31056978406798
0.10424023178597963,111.99095801117782,10,108.60172174643621
0.10400684125966109,107.76044881594208,10,103.56480739728902
0.10378949633241064,67.27492959543031,4,64.57326613576325
0.10347806584877617,74.06396689940568,7,71.33229929051113
0.10447799838448191,103.99644411440667,9,100.76332372045276
0.10474384478084175,95.6573752281323,7,92.6325760794126
0.1040031945328792,93.23112595637097,11,90.75010632284233
0.1048357423003381,115.03786131825277,8,110.61867770524012
0.20441618636232306,99.06537439696886,9,96.13286141333994
0.10449513800131172,103.16811242664143,11,100.03764736056272
0.10408123448996776,101.74894554036985,8,99.27100617226475
0.10369905750349062,97.83307607941653,7,94.7841314689094
0.10336975805785187,96.99122726300634,10,94.23894876460679
0.10416000379268553,59.41580095137064,3,57.15088388390309
0.10478833484989991,104.45770661498223,12,101.77218787212338
0.10475806701606416,130.91880561319434,12,125.28775785186072
0.10474202141722344,92.75213937686897,7,90.52698469415165
0.10396599791783956,109.92346466234854,11,106.33144859541618
0.10352620264507095,97.55013433443673,6,94.56654877505045
0.1044455425144406,96.59396354187247,10,93.93192963222965
0.10385623143588418,50.236067977499786,2,48.3939699118174
0.10440251113618615,90.21200088946405,7,87.70244540327543
0.10464319511629583,70.85459825109156,7,68.44172786032858
0.10409837410679756,101.9041109991318,8,99.13445998840034
0.10421105797036034,95.84049328568366,8,93.39559591701011
0.1035816328949295,111.92001829972395,12,108.17462127502766
0.10318669236380629,107.4615852353048,9,104.24412385903373
0.10355938786051411,101.68585950628912,12,98.05196533067385
0.1039594338092229,107.43891967645177,13,104.07518081181992
0.1036687896694275,85.36127619171126,7,83.10340341048487
0.10405716609193405,89.1516982881506,6,86.45911434960892
0.10413228866764257,104.22999915948219,10,100.99437630550074
0.10371546777491858,60.89292222699217,4,58.50349963231028
0.1040888926165735,99.15952301602306,7,96.01445295711912
0.1045553089961686,85.13124867103176,6,82.13619444415008
0.10369978684889247,75.55634918610404,6,73.079569830264
0.10436166779413725,93.32842668299543,5,91.11207327027569
0.10441892140761411,81.75667870831839,3,79.42180513104422
0.10386498358047902,80.90515051504819,6,78.63638294205879
0.20512474541305892,99.69834801967849,10,96.89393618969055
0.10384419723686733,58.0,2,55.85128465586915
0.10353386077144933,82.55732570182974,9,79.98340001137434
0.10347150174038688,83.4059643235003,5,80.67048198179891
0.1045184770537162,81.57826161758815,7,79.1562163079607
0.10457573066719306,115.52844572954926,10,110.67325435477841
0.10383106901986139,114.08927736689452,10,109.79734307366796
0.10395833979100644,109.72684400535123,9,106.87035384540812
0.10421397535174037,99.10157820399752,9,95.81166843455617
0.10394630559198959,99.01552422996949,8,96.57963020065243
0.10402945096711846,88.53388826298136,8,85.76577744149259
0.20450407248245028,87.68317506122013,9,84.88270814516329
0.10413265334045718,108.41189007803521,6,105.1761939273995
0.10356121122390505,55.57649122254147,5,53.31967993896295
0.10456041441420894,87.96907917487601,5,85.66488710901237
0.10380262454941658,81.70300343859442,8,79.22070581189833
0.10342774101673058,124.36146040215334,6,118.06493988409233
0.10376943933397342,114.89062228363665,11,110.02256457266563
0.10415416902947072,95.66802076508485,11,93.55301969364902
0.10442366215261245,102.76590826561758,13,99.9831211185921
0.10403966180274438,102.6283519230117,11,99.52435789028402
0.10402580424010921,104.31405250045896,10,100.83526064600656
0.10401668742247239,96.30056307974576,11,93.35100132552233
0.10449003258349876,112.38134272753209,10,108.62980391810176
0.10464684184330508,73.83753848623523,4,71.46591155553993
0.10420959927932927,95.09977088753651,13,92.60342131789122
0.10356157589671966,55.0,5,52.74696791469044
0.1045410867609462,91.77860818248585,5,89.34456237693499
0.10424497253097798,95.48476365880914,4,92.80022630692372
0.10441636869859394,110.72241401684285,7,107.07941603164528
0.10394047082900215,49.41421356237309,2,47.68193547657058
0.10446049409506486,109.0539372890041,10,105.11739971772953
0.10423002095035372,104.18631593222611,9,101.40890458387516
0.10423439702276482,110.18080833361694,11,106.00724549222561
0.10389342805092383,57.071067811865476,4,54.7377934705569
0.10352000320904153,78.72962830737289,7,76.1002596695809
0.1043594797579317,112.86943926316142,9,109.15348706482366
0.10430660221686594,111.62565061447854,11,108.78912017072254
0.1032377465414811,105.70097486429657,11,102.30382437686647
0.1040480492745246,85.9244451510894,10,83.16105379179503
0.1038974394507477,103.42110521284727,8,99.86122878290902
0.10480620381213157,82.5025047062477,8,80.14876654279774
0.10429712072664188,85.60014639062324,5,83.14929466454784
0.10474895019865471,95.14947478466424,9,92.80347601054955
0.10356230524212151,89.96462221595475,7,87.40455550380781
0.10425044262160554,82.01812826165329,11,79.38354625996493
0.10352328526346355,78.43666654416997,7,75.98233562883101
0.10406044814612869,108.99075848186034,8,106.06534566136682
0.1039918896792642,115.1253368089166,8,111.57213341471355
0.10386352488990269,90.14158768407222,6,87.72218033405338
0.10414177015763926,96.6907351925592,12,94.19556982160269
0.10404148516613532,90.82584393193197,7,87.7703157267309
0.10380007184062379,93.35886022803972,7,90.92986647091062
0.10436494984833189,103.33205283866245,7,100.29697667170319
0.10410785559702163,103.8922236662376,5,100.71898635073194
0.10442475617082891,74.49092827801394,5,71.65616283512404
0.10445757671345746,85.02871586696446,7,82.61512363592611
0.10424971327620369,93.8938267226126,8,91.06210854920708
0.10448529183827304,96.94428942059683,10,94.2664063237091
0.10420267049812537,102.64722146475884,6,99.50505390070404
0.10440506384497894,98.71135548957645,15,95.89283920719393
0.10362466427318395,67.55923384096985,7,65.05778602474139
0.10446049409506486,122.86732719664765,11,119.07741777228749
0.10396891529944696,99.87599812098664,5,97.03969856354843
0.1036071599837669,89.18862165597447,5,86.96492808961608
0.20516960015447694,93.4253878073233,12,91.27303672039402
0.10392734261176884,117.80283585827443,9,111.8553340794909
0.10475223225262198,112.95904765845964,7,108.63523848467482
0.10378366156919583,90.2934191159642,7,87.94533267266702
0.10424424318557612,79.8353720344331,5,77.57830316254193
0.10370233955768526,95.34237727335216,5,92.04499006962402
0.10321732487045665,104.31963347634101,9,100.2177279108761
0.10449003258349876,67.16151043602297,4,64.39862616583773
0.10373698346393212,91.04875150354758,3,88.38788909291685
0.10462860820848618,97.59620022509125,8,94.61168997310621
0.10426174747499317,88.79755762766706,9,86.42870322616396
0.10446450549466135,83.31248669009805,5,80.28900698698409
0.10472561114579548,88.51720278146533,8,86.09114289365786
0.10432556519708669,90.47021787662378,6,87.99865825625484
0.10389269870574935,105.17400996223664,12,102.63846223586211
0.10383580976485973,83.89565707993057,9,80.36936460422643
0.10363451043599525,85.32795760045053,9,82.93081482610447
0.1044455425144406,104.4024121269088,12,101.37556741399484
0.10423075029575557,100.80094782492814,8,97.29418710920919
0.10434489285012205,107.91865001471079,8,104.6238501298684
0.10453598134336062,119.28940820710837,11,115.37413770907123
0.10359950185716116,99.74402185091816,7,96.62759736780795
0.10481933202913751,108.19076876776683,13,104.91302128362875
0.10462787886285696,99.97238586147249,9,97.092946794534
0.10476608981502977,96.28307173876351,7,92.79689043187143
0.10365784948862711,97.49890220241105,8,94.00703405496768
0.10452358247152915,92.36505818199176,8,89.96906880644275
0.10424825458539999,76.61781687354761,6,73.82971674519489
0.10403637974832236,99.44296858684763,12,96.53389945717632
0.10419464769893239,111.27170410381468,10,107.0346485435277
0.10412791259523146,100.39861802218293,9,97.26100195956087
0.1040017358420755,101.08276253029823,9,98.29591015556214
0.10462751419026972,100.56540018667845,9,96.43860325437223
0.10455895572340523,74.70802007890298,6,71.12382157886616
0.10423877309517593,112.50832598175359,7,109.41062592807646
0.10367243639666412,112.2119322677896,8,107.7343092801693
0.1039791261348455,96.67601265574517,7,94.41517819599456
0.10411806643242016,99.58270104998364,7,96.00666278243592
0.104282169146245,117.56447700360091,9,112.40580979356697
0.10349484079301874,98.80630762082404,8,95.74077596314514
0.10433796406869078,97.03678996062715,7,93.34327763165086
0.10450206678251561,66.82858705265109,7,64.22871799782614
0.1040775877629585,99.8133533149436,9,96.68554840239331
0.10432082445208835,105.6069254103403,10,101.97554073808814
0.1038748297435177,102.60435522431705,9,99.34914312689895
0.10345545614177354,71.87840817318698,4,68.57424278796678
0.10471175358338769,96.6736336796404,10,94.3776237633556
0.1038890519787401,103.7104571636297,11,100.47187608691677
0.10438719488297465,93.6398814820591,10,90.62904999694692
0.10378876698700878,97.0063317266424,9,94.04001768470658
0.10345946754137003,91.03637812835838,7,88.59020609886625
0.1039481289556079,115.03975491768547,9,111.37726242443424
0.10434999826770763,94.6313977069692,7,92.02641511822407
0.10434015210489633,117.21530200012175,6,113.43577871768
0.10338434496566151,100.69763153350306,8,97.68161460796561
0.10463772502566826,97.17598559755497,6,94.44407872723882
0.10428909792722152,101.16528850745382,10,97.9592008190645
0.10475296159802383,105.31427360971917,11,102.20964642019264
0.10476608981525715,106.50910294390431,12,102.8457772897527
0.10344269259712746,71.2576722313397,6,68.78529619476683
0.10427268765579356,108.04470990083428,10,104.9591415615052
0.20511125252323836,70.08092854809374,6,67.48609113254861
0.10423111496857018,57.47870866461906,8,55.18202365566359
0.10445320064127372,97.73206369402155,7,95.00391960186774
0.10451738303572711,90.45632329609988,6,87.40852507269743
0.1041275479228716,90.91244663946888,8,88.55284155710204
0.10397876146225826,97.3478141906621,6,94.29148383006536
0.10397146800823975,112.07751674922064,7,107.33967459002471
0.10486345742538106,118.03203945465759,9,112.57866238328758
0.10395214035497702,97.89187258123377,9,94.91692653076456
0.10469935471155623,105.66938019890458,9,101.79219162829541
0.1044298615884145,109.62033141044502,8,105.54066035733042
0.10448529183850042,85.19691805054892,10,82.91658527922445
0.10431790707025357,70.17780263300988,8,67.7728062254001
0.10424971327574895,95.3507088537855,10,91.82695857744095
0.10456114375938341,79.12576711586922,6,76.77022223821471
0.10440433450003184,100.16610610432585,11,97.11216374855174
0.1041162430692566,70.03505785072312,5,67.55496432951445
0.20556198797703473,101.955587631027,12,97.96414514406568
0.1045647904861653,88.66370869961156,5,86.03481450763586
0.10471065956517123,68.0,2,65.50735938665602
0.1037337014095101,102.78435959871007,7,99.50620108308625
0.10422710356897369,94.8921461428819,8,92.37791274760716
0.10384638527330026,82.4011365884163,6,79.67537761489287
0.10387920581615617,111.53161764462575,9,107.73222555038649
0.10479526363087643,87.38214025015874,8,84.77606425727951
0.10390035683258247,102.68972506291328,7,99.75267532903415
0.10445721204041547,71.93901215004416,6,69.26735094894865
0.10411150232357613,72.375880889733,6,69.39269171761782
0.1044918559468897,105.25549840772473,8,102.05020145673268
0.10356704598689248,93.36564090049285,4,90.85803417063147
0.10494441476384964,82.31419671490151,7,79.90058728286425
0.10467820369512992,106.89005688165317,7,104.37126341541294
0.10408816327117165,97.87178748703978,10,95.56189141654032
0.10415307501125426,104.66983710849226,9,101.46965782157571
0.10379204904120343,112.2465489755626,8,107.04577425167145
0.10461620933665472,75.09032244709005,7,72.76856723557283
0.30775130051415545,116.3697500044453,14,113.33988096074728
0.10389342805092383,95.78995711130584,9,93.33885333159893
0.10425445402097466,78.16903562490704,6,75.7357059842458
0.10388905197896747,109.16462505716959,9,106.12208265763161
0.104600163737814,72.01743772358927,5,68.81362575425673
0.10390546225016806,97.37421821711692,9,94.62638501109024
0.1044174627168104,110.01721196970135,12,106.79654725733374
0.10442038009841781,66.8737289930958,5,64.25519878688026
0.10356266991448138,101.42263678737424,9,98.9095253061934
0.10429274465423077,91.29663273235298,8,88.0840346287746
0.10392296653935773,89.39394166507005,7,86.97879294217968
0.10422090413294427,93.50670238224988,5,91.02052053329008
0.10402215751309996,114.30708013230584,9,110.27302111103
0.10415963911964354,95.2816016462082,8,92.4391254152627
0.10437552535677241,109.58539651405587,9,106.13364692287372
0.10502828948483511,82.34236763757907,6,79.91404061200973
0.1043230124882939,55.099019513592786,4,52.89232757884131
0.10402726293068554,110.36948972168439,11,107.34965250323776
0.10350067555646092,64.36287241957874,5,61.66146357615091
0.10445976474966301,92.03306600550147,8,89.8832329894653
0.10393682410222027,112.80593634557606,7,108.85436435082143
0.10448565651131503,98.12469433326066,9,95.22621593868453
0.10468914387638506,93.81078907457022,8,91.09358638234376
0.10401304069546313,98.7879404126742,6,95.87504925435739
0.10406810627273444,112.24407603817787,10,109.24230647570793
0.10424752523977077,99.1421066773327,10,96.43291375176413
0.10402471022189275,103.91362936894242,6,100.98595229038547
0.10388576992409071,113.89404222151943,9,110.39805242043204
0.10425591271177836,109.33793113113676,7,105.83099103831289
0.10448675052930412,52.60555127546399,3,50.70108278573324
0.1044470012052443,98.29220928019107,5,95.57216811258188
0.10375594644438024,99.82952529733538,9,96.76361817361916
0.10426612354740428,103.88450903863428,10,101.3492212048901
0.10397256202622884,72.26578967353778,7,69.82005477276506
0.3063735670643837,102.78859168267775,13,99.84006418260225
0.10425372467580019,110.19335395969705,12,106.0953670952577
0.10416474453768387,77.69832532885113,4,75.00511067921725
0.1043609384487354,82.78040472802334,5,80.51822668240789
0.10428727456383058,94.02604634832784,9,91.66037661532317
0.10397620875346547,71.7772798991432,6,69.24628062945098
0.10376068718960596,97.53488370550372,9,94.07735988910657
0.10410056214323049,91.41862728082366,10,89.01421057467414
0.1036771771414351,85.08003537074791,3,82.5244082330893
0.10416000379245816,99.78088459457098,10,96.5795532692661
0.10370489226670543,85.67697030397893,6,83.18770567212032
0.10394484690095851,98.27838837026121,8,95.42212803528241
0.10345545614154616,109.10606337226162,10,105.59054957050138
0.10494879083671549,95.39188965544183,8,92.77843538536972
0.20615640447294936,104.6088833801276,12,101.20374636439887
0.10412499521362406,104.50930076633125,9,101.40311997141403
0.20677707740378537,107.4266323535599,10,103.91473224630903
0.1036899406858538,104.49947717718698,13,100.93748178266618
0.10388394656092714,90.90752688725003,4,88.66437686877588
0.10473655132682325,84.08340558683369,8,81.52681679753036
0.10442402682565444,87.63996000999506,6,85.20896666623578
0.10322899439688626,71.47213595499957,4,68.56768288263494
0.10414796959321393,60.704570789056774,5,58.36114808421361
0.10471612965557142,71.49559999275027,6,69.04778281823155
0.10402252218545982,95.45532708345286,5,93.03897331047557
0.10499875099594647,88.3846286221854,10,85.9089377248126
0.10438427750113988,86.68196822424477,8,84.18121645849762
0.10407977579916405,74.47213595499957,7,72.13077955554449
0.1042008471349618,94.71074671635172,7,92.28347808979247
0.10357835084050748,94.56854399253604,7,91.91869495887605
0.10440105244560982,95.7048789474034,6,92.85311688360487
0.10406555356394165,111.47157792340717,11,107.205292577008
0.1043963117003841,63.487806144337675,7,61.08825219991279
0.10402799227631476,94.82639753308479,10,91.34698851993063
0.1043890182463656,100.30103774685543,10,96.6729872525595
0.1037869436231631,94.4717444550532,11,91.4066824468977
0.10426211214780778,75.731999974128,4,73.32355178943718
0.10466106407830011,76.08129216889277,8,73.46865493233052
0.20491761132097963,96.91508464593862,10,94.48867649882168
0.10471248292878954,107.65194636252883,9,102.67525609432656
0.10416182715607647,58.828427124746185,6,56.54994599972833
0.10455713235978692,104.0974419116962,10,100.95353306751234
0.10375120569915453,88.83416678250663,8,86.48098890440158
0.10345910286832805,100.5629236164803,6,96.9311321596606
0.10374063019116875,87.66767735603625,12,84.91077147659989
0.10414067613965017,65.16470020440995,4,62.64044879047113
0.10392843662975793,91.5531838048175,11,89.21320913084784
0.10434744555914222,72.14552903390768,8,69.534563553423
0.10432811790587948,67.48342231297161,6,64.99437489701623
0.10387774712489772,77.60933863997177,6,73.23374097295896
0.10392880130257254,79.6818641402719,6,76.60288142076996
0.10368738797706101,66.5321144419248,7,64.0072340087647
0.1038110120211968,95.41562228491796,4,92.5066585481171
0.10403090965792217,108.7648697853109,11,105.66056813967353
0.10382596360204843,76.59665145159667,6,74.20000392214905
0.1042584654210259,118.06280804924326,11,113.71662224776705
0.10374281822714693,93.41685209426623,6,90.88023436419314
0.10378767296879232,89.12069434129616,6,86.67870689594608
0.10513987932972668,99.57617950789968,10,96.64992637829936
0.10404112049354808,91.02989899622843,8,88.45747865051857
0.10449149127452984,99.63347822590966,6,96.63179349434772
0.1042033998437546,75.18663468223552,8,72.46743331672367
0.1044568473680556,79.38463850558247,5,76.87596103202107
0.1044750810028745,70.6970206421638,4,68.2960653756129
0.1043879242283765,102.02143690530045,10,98.93979403258881
0.10334751302343648,116.67265961479262,10,112.2840658222981
0.10417203799170238,57.064495102245985,5,54.9089710931925
0.10477630065088306,99.01346724457876,6,96.14634714975337
0.1044046991723917,85.9005842036172,7,83.28793109902689
0.10417568471848426,113.17910607080431,8,110.12379473706574
0.10464465380709953,99.344013382543,10,96.5122677961868
0.10371729113830952,75.48350771129269,4,73.04032762718934
0.10499072819675348,81.2124293870612,8,78.26309947747319
0.10495681363590847,69.17229311599334,7,66.77206059450165
0.10458448281224264,78.53834738911107,4,76.26020891869551
0.10417167331888777,106.38389868376952,9,102.85445653571493
0.10447799838448191,90.9088153405374,6,88.77030666293243
0.10491815832983775,113.35549243559258,13,108.91570644144245
0.10467674500478097,98.23293183074563,7,95.29620840074199
0.10452504116256023,60.384402799378826,4,57.96482998207545
0.20523888796697065,95.39151975305214,7,92.54679734583921
0.1036042426021595,102.62378720471541,8,99.97419438952164
0.10432520052427208,73.06449510224597,7,70.66299701992585
0.10428763923664519,95.71255931693527,9,93.36788888528183
0.10413484137643536,89.91487215615575,4,87.4218696228713
0.20602475762916583,94.77811722561513,10,92.2567222024546
0.10403419171188943,80.86665312481779,7,78.4116668815027
0.10362721698220412,69.65255581644739,3,67.07108921547058
0.10459724635666134,114.54014920554353,7,109.45588406842887
0.1044426251328332,93.88390777800267,6,91.20398702427408
0.10418297817250277,101.40757248481852,7,98.45126254782986
0.10420376451611446,91.79821378911305,5,88.81635736409392
0.10459615233867225,117.09663488472651,8,113.21727577756515
0.10440396982676248,105.83552427959833,10,102.71138509638577
0.20504232938310452,107.60610749622859,9,103.62212574807883
0.20583221044535094,100.62678449986788,9,97.86589639376803
0.1040980094344377,108.94246360791558,9,105.76591089340556
0.10386206619887162,82.36998175486951,5,80.08960187884342
0.10466507547835135,83.33114622257402,5,80.79853435744663
0.10462787886308433,105.84712894902117,9,102.88639757645579
0.10373370140996485,63.31070635348131,5,60.85582734125949
0.10446195278609594,109.4455908905814,9,106.63547921630706
0.10419865909807413,82.04685705207001,5,78.69334033489655
0.10446158811328132,99.74731239683653,5,96.46435908931332
0.10381867014802992,60.07768723046357,6,57.68372964306236
0.10464465380709953,99.65972237662746,7,96.50039143526058
0.10463225493549544,82.35284740696717,5,80.01287022294504
0.10400793527787755,95.02578513950449,7,92.52157309316682
0.10389671010534585,104.49173487549923,9,100.39446043609702
0.20426302382929862,105.33103605256036,9,101.249786430284
0.10362904034536768,68.60107523773827,4,66.15404856860438
0.10429566203583818,98.14666770313437,6,95.10521098616321
0.10404403787515548,85.85314860665167,9,83.43763628187845
0.10423220898655927,101.60366320864048,7,98.96017376162621
0.10415125164809069,102.50217012393006,4,97.86813596001
0.1042205394605844,93.29010977740109,10,90.71593011242014
0.10440725188118449,141.444476646576,10,135.5144527444558
0.10416510921049849,70.15127981242814,10,67.75549687709845
0.10426575887458966,78.91760966976919,5,76.20504764907051
0.10416912061009498,92.67396933287904,7,90.2608935547028
0.10363742781783003,103.24117973756964,8,100.84594846838138
0.10456296712300173,99.61541589089059,8,96.2446227337835
0.10377454475201375,114.85725293158072,15,111.11414142984303
0.1043018614718676,93.6602481522729,6,91.02833788582713
0.10358126822211489,120.15040592473541,12,115.55086023503233
0.10408342252594593,86.96324592404657,8,84.50748990570457
0.1043106136166898,140.06800607141872,10,134.51490772304078
0.10390145085057156,59.796691275336336,4,57.41803452874373
0.10347587781279799,96.10440277686749,4,93.27323188441862
0.10402398087626352,98.61815774411508,8,95.4701470160628
0.10390035683212773,72.13947112492752,6,69.67561818120078
0.10420886993370004,94.91333321567039,8,92.47708245623218
0.10395141100980254,105.62873177853218,10,101.99433025993974
0.10476754850606085,98.74895140933059,10,96.15605001722193
0.10401048798712509,98.34179035567198,4,95.6333475491795
0.10365165005305244,70.11338426423096,5,67.70685181804974
0.10433832874150539,104.56218610448028,8,101.20302946750193
0.10437406666596871,84.37128065590983,8,82.17666866969546
0.2070757443425464,80.91372628513281,9,78.14279032357776
0.10392187252136864,55.0,3,52.7469679146898
0.10406190683670502,91.20408161241706,8,88.49804261649409
0.10387774712489772,93.03100405691603,7,90.64394435755631
0.10388868730615286,92.42875586518737,8,90.01530733465418
0.10381502342124804,74.28873061017127,6,71.02858305793926
0.10486236340739197,106.19642354681677,7,102.38912162908562
0.10423658505897038,118.16609718414409,11,113.75588423773559
0.10421944544214057,72.55388904077614,6,70.14428456611982
0.10395396371859533,115.95267203358651,8,112.90971459174415
0.10390436823217897,136.8352747076896,10,129.28238574678844
0.10395359904578072,118.43775544379024,13,114.17452231045434
0.10352000320881416,104.17514636238309,8,101.2546782417216
0.10487731498778885,85.97806811801586,10,83.04047700277393
0.10408050514479328,73.01846116223452,5,70.61110944499082
0.10357835084050748,95.7385093914894,7,93.2295128068216
0.10460490448303972,65.3856229982813,7,62.97386542196655
0.1044510126048408,116.61949114178161,9,112.98644330460387
0.10468914387593031,114.29381927041146,8,110.38241180686659
0.10395250502779163,94.0477847842087,6,90.98538437946371
0.20727923170761642,98.95741061414886,12,96.42874436175678
0.10368738797706101,61.94417764851476,3,59.574432828727254
0.10402543956706722,105.39045290377604,7,101.96520790905652
0.10407795243554574,107.74846720528649,9,103.73905419975249
0.10427013494700077,95.65234783242906,5,92.53971050345109
0.10490612413104827,108.76717877747251,9,105.8481920137007
0.10431280165266799,104.23053686392434,11,101.22140095931019
0.10353604880765488,62.53565787126473,5,60.04116400697216
0.10454692152416101,68.35371086393575,5,65.87308444847079
0.10475077356204565,86.08300727445857,9,83.77286299286361
0.20661552739875333,71.55415854113521,8,69.0075186200992
0.10410785559679425,96.58290800614691,8,94.19392162004343
0.10409509205237555,69.2664876890654,6,66.79190483611274
0.10401304069546313,120.83173327837554,9,116.54207748960168
0.10383580976485973,65.59455344987204,4,63.17880306759133
0.10399444238782962,109.72260982380108,10,105.86814545716803
0.10342154158070116,102.70778341560057,9,99.64745756303705
0.10448565651086028,91.26656991585216,6,88.89053955732723
0.10394594091940235,90.42809977311131,5,87.86012495760852
0.10514680811093058,69.79236961109802,5,66.81990454372202
0.10424643122178168,75.06206656137454,6,72.3495236599147
0.10394156484699124,104.14386439851143,8,100.937464135627
0.10367425975982769,95.17935725011752,7,92.59606617605468
0.20402416321303463,91.51008678269852,6,88.62725887102145
0.10434161079592741,94.28745685885613,6,92.05857146644588
0.10345582081436078,55.324555320336756,3,53.313266803761564
0.10401705209551437,75.72134935173835,9,72.9732359763178
0.10353750749845858,75.49026180933404,8,72.63871506074976
0.10410165616076483,108.58505974927823,12,105.38690299939609
0.10380371856763304,119.05079830025842,9,115.34252533418044
0.10420412918892907,91.5030842175164,8,88.39935976183081
0.1046957079843196,106.6208421004737,6,102.82783862027797
0.10392661326659436,101.840229563658,9,98.4420181125536
0.10417422602768056,104.4266302180438,13,101.82579651122634
0.10397620875346547,49.0,2,47.33614812332249
0.10503303022960608,75.91986240580515,7,73.55464786402142
0.10385951349007883,104.15009510072866,11,100.84697784742035
0.10413374735799152,66.62704348649811,7,64.18148567327817
0.10470044872954531,73.478212997022,6,70.97993914259749
0.10435291564908766,101.99805622512865,9,98.97066066384005
0.10374573560875433,91.54850874108352,9,88.40083038786278
0.10431134296186428,92.09062989919632,7,89.56131056197675
0.10497176521630536,103.51140711469256,10,101.11636159395455
0.10374865299036173,102.72060795974468,9,100.14795735782162
0.10472670516401195,109.82460425664664,7,106.55868901473902
0.10530106466194411,115.59204963090919,13,111.345140191585
0.10460052841062861,86.30188620426159,5,83.88203916460361
0.1045341579797423,98.62989276589477,5,95.92482184154015
0.10451665369055263,65.55518192859415,4,63.10343596348242
0.10403528573033327,74.52081770045866,7,72.16619636230658
0.10410384419719776,119.24142533979735,12,114.94618298696932
0.10391640243096845,96.43697872173139,9,94.19639674100752
0.10382304622044103,84.37663853655727,4,82.06470915092746
0.10420522320691816,110.95589659334057,11,107.60694582138737
0.10313746154952241,71.96992110482758,7,69.57762733862383
0.1036658722878201,83.53115003919665,7,79.95842837654405
0.10443642569680378,91.14825149659869,7,88.99990402531277
0.10417714340974271,49.0,2,47.33614812332249
0.1044860211836749,97.07957961588166,5,94.60379313496104
0.10486965686095573,88.59238034500171,8,85.6584036153172
0.10382523425641921,115.76609530889932,10,110.99245400942524
0.10484084771815105,79.57518150338738,9,77.18812132471203
0.10390218019574604,99.26553609307062,7,95.27387240407899
0.10442329748002521,92.94427190999916,8,90.43158268825499
0.3073855337988789,94.62983790377422,13,91.40277149730771
0.10358382093090768,103.47210957699916,7,100.33260766074184
0.10390910897694994,112.94566230236431,10,107.83668530314662
0.10408670458036795,96.89717312148221,9,94.57630821798219
0.10446450549488873,111.45528416623753,12,107.43875516361415
0.10466507547789661,81.69403883721327,8,78.41319458590813
0.10405315469233756,122.32452869224926,12,118.42112359405309
0.10452795854371288,61.92744663833898,5,59.47463237131837
0.10386352488967532,125.16234972724575,12,122.68693440883848
0.10464137175267751,113.44906699017267,6,110.03036348791943
0.2052531102026478,91.54876269251889,7,89.05035284992486
0.10443350831519638,110.588692802095,10,107.37151605337911
0.10484048304533644,51.236067977499786,3,49.41835933429033
0.10463918371669934,107.02217023141827,10,104.12952255557227
0.10379387240482174,79.95650877856646,7,77.54992558153234
0.10420814058852557,83.42414098822746,9,81.12163183544698
0.10391421439499027,85.88319268564734,5,83.53869519384422
0.10419574171692148,93.46020946610676,9,90.80806561905449
0.10351635648203228,77.52975838640171,8,75.25451359529613
0.10442548551600339,101.03836392744552,6,98.53039659559496
0.10422892693213726,71.75452158590582,5,68.65548932237802
0.1034058606551298,81.97418334134488,7,79.6836182880188
0.10409472737956094,111.52051513221953,12,107.60546825119187
0.10483027220971053,96.5596487197343,5,93.7073263383993
0.10363268707260431,87.43522427954552,10,85.10982920618703
0.10381903482084454,103.99934252922336,6,100.46385590257988
0.2056859766935304,96.38686481923597,12,93.99892499510467
0.10479198157645442,66.96175268491021,4,64.48133977722853
0.10426758223820798,104.6444141095109,8,101.61313432425234
0.10382997500164493,89.63373126183967,8,86.88456536383188
0.10375922849880226,106.96077919878903,10,103.73187107569302
0.10416984995526946,89.08386780707279,10,86.81636508614457
0.10410420887001237,96.33704390093787,10,91.40490119873822
0.10388431123328701,64.05203579086425,5,61.60728639135376
0.10394594091940235,99.2594812792097,11,96.54504469539924
0.20620016519660567,93.71862137880893,8,91.35952425153143
0.1042613828026333,81.52208067536512,4,79.16336739986005
0.10462459680866232,110.56877987977182,10,107.29802727541083
0.10392478990297604,100.75381499441716,6,97.8919035389237
0.10392150784855403,107.62359350868824,12,104.97251494863693
0.20614911101893085,92.35571169174852,10,89.35965255856547
0.10381538809360791,88.50965334335991,11,85.95089864610267
0.10350906302801377,104.255682601979,9,101.89941455933126
0.10349338210244241,98.46007134674764,6,95.36556157534753
0.10391822579367727,66.13403974469017,5,63.71802861181221
0.10361481811105477,98.10198788407062,6,95.65724152677282
0.10368155321430095,119.06133118640307,11,114.86754292003188
0.10473655132682325,107.33096547996932,9,103.668807407036
0.10395359904578072,106.4170250407746,9,103.09487909989369
0.10450024341935205,100.21603771753739,7,97.0402531188426
0.10407649374519679,95.96101925994634,7,93.60750492588483
0.10386534825283888,70.24621125123532,6,67.70640519610885
0.10481568530212826,86.19381624986941,6,83.4422580534998
0.10423585571334115,100.40426683555978,6,97.18259773435776
0.10421032862450375,102.33166388821196,8,98.686329377951
0.10384529125531117,117.21861624240657,14,113.45461279095122
0.10401595807707054,105.25804202177298,7,101.5262466152567
0.10402689825787093,100.43794564818589,14,97.41210832102834
0.10439959375435137,100.13789261063508,7,97.41121053302307
0.20715269028187322,96.05422359591773,9,93.35017925967311
0.10428071045498655,107.24758376817384,7,104.16064080669354
0.10428034578308143,79.15541628700845,9,76.35156043431796
0.1048054744660476,105.14593993335785,7,101.40515900268075
0.10421725740616239,102.35243119810275,8,99.25283545128079
0.10446997558483417,105.63615309301106,11,102.55578429691572
0.1039021801952913,74.58162782319043,7,71.4600251638903
0.10415526304677769,108.55090602330812,10,105.21465587999869
0.10490831216702645,91.46114763914007,4,89.07637646056757
0.10456734319541283,87.59674775249769,7,84.83815588923044
0.10363961585426296,108.69700312345373,7,104.7230519851225
0.10410347952438315,85.09166869104473,10,82.18634308517711
0.10350359293806832,55.0,3,52.7469679146898
0.10378584960471926,95.69400210757979,7,93.06131131834046
0.10394703493784618,101.4130295959335,7,96.46427933247142
0.10363195772697509,101.57321835994597,7,98.349386145225
0.20660166983634554,82.2753999399554,8,79.14843049184316
0.10449185594643495,63.35839121088786,3,60.98113394057895
0.10372130253745127,95.99900309921107,8,93.11444138067418
0.20703052492808638,105.54961886923151,10,101.56832858562332
0.10446158811282658,107.72940510025677,7,104.27890370914982
0.1036097126925597,107.98143248988492,8,104.14013729544031
0.10373880682709569,119.96692087341734,9,115.95838829063945
0.10463626633463718,83.87881985654512,6,81.70142774179438
0.1042905566182526,89.82849150682163,6,87.18253013469426
0.1050417823744283,80.6965669190152,4,78.3564430390672
0.10437479601114319,69.64222328045784,7,67.18627705004798
0.10423840842304344,103.88176735589771,7,100.86712578679858
0.10479672232122539,86.6403602195436,4,83.82850330997937
0.10404513189223508,76.28953751610095,8,73.72522143723526
0.10348353593963111,100.60203192309021,8,97.80144884068183
0.10404184983872256,97.97824547353285,5,95.32889895714133
0.10327749586576829,112.15358061619867,8,108.365089084164
0.10463225493549544,88.9628761423711,5,86.45443922874092
0.10353969553489151,89.44921434726832,7,86.6752633561573
0.10350979237318825,92.19877752507884,8,89.66886979046888
0.10483902435498749,95.34508572830707,5,92.13088970148725
0.10401705209551437,103.32123983708543,7,100.52888394130505
0.10405935412836698,95.09099302678999,5,91.78490450114617
0.10398860762506956,114.4906000612131,10,110.57267095606592
0.10485543462618807,105.33647920233041,10,102.23024603705433
0.1045385340530629,95.42865026287556,8,91.5943734308551
0.10352073255489813,81.49253901809921,7,78.8541191637424
0.10420850526134018,97.39573275525466,9,94.29415591979169
0.10497140054394549,104.06539659762844,12,100.32816961028105
0.10415599239331641,108.77866573778863,8,105.44076562121604
0.104709930219542,73.19036559129569,3,70.11061345448171
0.10467856836839928,69.43612599385722,7,66.67986324006438
0.10496483643510146,69.15532775194855,8,66.56546079435059
0.10297007678127557,71.11059748753965,6,68.24795389042171
0.10382304622089578,90.09270440605754,6,87.87225885468058
0.20660385787232372,69.20667743495551,11,66.7278978528846
0.10379934249522194,86.1141890947115,4,83.3807756224364
0.10397183268105437,90.49974416217493,4,88.09926841321415
0.1042147046973696,88.91687034301881,8,86.60620896005389
0.10421652806053316,78.17087802941933,6,75.54679344477253
0.10438245413843106,103.7031417444035,11,100.6307147067951
0.10463517231710284,56.071067811865476,3,53.761243407825155
0.10392150784900878,83.81637290842767,7,80.61693607820362
0.10469206125799246,72.60147050873545,5,70.07345886160357
0.10399480706109898,89.20968127235781,7,86.8344395016975
0.10494952018234471,78.37935965746003,11,75.56216336291622
0.10392916597538715,111.70791280927428,10,108.25612176178049
0.10419537704365212,107.44445406947128,7,103.50799532270382
0.10437917208400904,105.20759785249011,6,102.17760213921132
0.1038715476888683,96.81213229770827,5,93.73252807785363
0.10471612965557142,79.70949949366191,4,77.37070348964473
0.104721235073157,81.78923786416105,11,79.57068519229303
0.10396235119060293,111.76795781885791,12,106.73751699831635
0.10427560503740096,100.15627435115618,7,96.9984636653011
0.10366550761500548,91.8116158169616,9,89.28246644371202
0.10357288075010729,125.99313333200402,11,121.53029197516965
0.10391312037700118,86.0603388358403,7,83.53404613456482
0.10441600402555196,105.03884381381826,10,101.7597333419122
0.10425846542057116,91.58184998163982,9,88.80456949324679
0.10462058540906582,58.06449510224598,7,55.71427043871207
0.10394630559221696,69.64597902638744,4,66.66444171139574
0.10385039667289675,96.68364038784074,10,94.50152548375542
0.10542578272452374,82.61386306329624,10,80.36831793817022
0.10377126269668224,57.25583281533687,5,55.0330368795387
0.10422236282374797,119.24163902815988,8,113.67814037818091
0.10373151337353193,107.27755937540825,9,104.42414537307516
0.10473582198119402,116.25185011153316,10,112.22936769775168
0.10416219182843633,95.0606070906305,8,92.27139365446367
0.10377673278799193,81.4142800261759,7,78.64161804012552
0.10337449880262284,95.73876888270986,9,93.09117836818467
0.10490904151265568,91.84161925296377,7,89.24904088210073
0.10338580365714733,91.35893537583097,10,88.41653740770856
0.10412317185000575,108.66659790271451,15,104.81294940442558
0.10397985548024735,108.52974959430792,11,105.62670574314542
0.10408415187157516,98.38825649774017,7,95.9885831538363
0.10458740019385004,86.71709875415911,9,84.14575165194789
0.1037814735327629,93.00276252993096,5,89.80103212627115
0.10427888709182298,81.89859365251957,7,79.26946848380646
0.10387045367133396,120.92847698579223,9,115.47006126219699
0.10386170152651175,106.0021477171049,10,102.91731591846556
0.10417459070049517,78.92480841054837,5,76.67625078617306
0.10455859105059062,105.69038592345419,7,102.17286509190453
0.10353604880765488,91.26997268665801,6,88.81458238488567
0.10392734261131409,104.65270326157614,9,101.21314037976285
0.10492253440224886,93.24096684746888,12,90.2997599579929
0.10482188473815768,97.48308914520445,6,94.35149683501152
0.10357433944136574,95.27385642394862,7,93.00679075041788
0.2059594812171781,100.46319142341925,8,97.1471955664907
0.2062997208431625,109.242291376224,12,103.29004806434338
0.10423403235017759,84.55055897481682,6,82.36752906546216
0.10454181610657542,111.14965150482269,8,107.82302306738048
0.10355391777011391,107.5598826273693,8,104.38162010443341
0.10389233403293474,96.48573342611463,10,93.40604125825901
0.10465267660583777,88.13364597277132,8,85.4071283753738
0.10418115480842971,83.5304693330597,4,81.29022581683839
0.10430368483503116,107.14551229481137,7,104.04333381848357
0.1038967101058006,101.05702021774074,9,98.47891532530068
0.10415198099326517,91.31584756958767,7,89.03969079909574
0.10415416903015284,81.51716755779476,7,78.70691731629142
0.10383617443767434,74.5819937393342,5,72.09295964535136
0.10384456190968194,103.01926068413553,7,100.0209870359652
0.10424059645811212,100.54199678458019,6,97.83646466265336
0.1041078555963395,92.71511679549059,6,89.20424903309149
0.5137647532892515,91.97020923829668,8,89.60059620009557
0.10395104633698793,88.593175200753,7,86.36507049684946
0.10357689215015853,95.3016834790934,6,92.40915241217033
0.10422710356851894,101.68505769886363,11,98.90656027119165
0.10393025999383099,112.92053779925887,8,107.78696084054603
0.10369796348550153,97.27943351870312,5,94.55286738373029
0.10374974700880557,84.31624578817403,8,81.62771392353388
0.1039218725209139,97.71253829031536,10,95.29753764079373
0.1052277654498539,102.07246562294903,7,99.35790598498996
0.10416547388285835,89.32759752004316,9,86.45325293954875
0.10488606713261106,82.44891720774662,8,79.73615614637352
0.10345363277792785,91.39592442708422,7,88.96825937774099
0.1046960726580437,102.13455782956339,7,98.85282809069143
0.10397766744426917,88.01315561749642,6,85.68137833754795
0.20713117459217756,94.31670099827949,7,91.88455968688295
0.10376105186242057,90.62241289102296,7,87.83869602214298
0.10382705762003752,64.25209583010962,7,61.75580311331376
0.10364326258059009,108.6896113759493,6,104.89262294612773
0.10463261960740056,104.76490937527686,10,101.75735901913676
0.1042147046973696,88.02429587890984,5,85.22733258140879
0.10377636811517732,60.44766094595442,5,58.12478120696565
0.10417313200923672,73.4846062634674,7,71.05258364686773
0.10418881293571758,90.65542216646648,7,88.29805486691806
0.1034915587388241,69.73332751346746,6,67.32962735341259
0.10437953675591416,100.21465478375866,9,96.86045503727482
0.10341971821708285,113.59378780613469,11,110.66173452619269
0.10482224941097229,94.04698832536148,6,91.7424196407363
0.10368264723183529,95.16079825567215,9,92.94802643733881
0.10447106960327801,90.22730853812126,7,87.8199222547837
0.10425445402051992,97.4477875415674,9,94.60262744851576
0.1039897016435134,111.67976800474275,9,108.72645792851553
0.10408743392599717,90.71509234191588,10,88.12964664479648
0.2059427062731629,57.89292222699216,6,55.61172881335345
0.1040261689122417,96.24493585616725,5,93.2897445922443
0.10467674500432622,105.79821400815091,9,102.4546508903852
0.10416583855567296,99.31259013945136,8,96.81775477073437
0.10461949139062199,94.0417924582066,7,91.43691142895358
0.10460453981067985,119.40190221177866,6,116.36584049372071
0.10469206125799246,88.33057087577183,7,85.79771249807634
0.2045044371543554,89.50403472337365,9,86.88602270320798
0.10409071598041919,78.51148389479302,8,76.1721862233954
0.10432556519754144,116.2690551139936,8,112.56150365492813
0.10389196936012013,103.29334495061521,8,100.50256320929381
0.10421871609651134,104.66990521955739,9,100.9530025447963
0.10437990142872877,101.3763069130142,8,96.73090624270455
0.103910932341023,71.01528880011136,5,68.49277952528847
0.1036323223997897,98.96488571302997,6,95.58956540459593
0.10355318842448469,95.96981709256372,6,93.35425002391875
0.10470883620200766,88.05772465725967,8,85.79341233118453
0.10409983279805601,69.91925977444875,5,67.24727982476527
0.10437151395672117,86.48520589828351,3,83.78908039687113
0.10420194115340564,95.20578557195883,7,91.97779136555265
0.10420777591571095,82.33157299094849,9,79.92513669671236
0.10407612907238217,57.07768723046357,4,54.90309261566617
0.10353240208132775,94.80091504763715,12,92.49042508051609
0.10407795243554574,69.65008380450607,9,67.16731941976086
0.104785782140425,102.92060009296058,6,99.55310141839217
0.10450607818256685,84.19926782422527,3,81.76299713387145
0.10444590718725522,86.09179856292721,4,83.86512133676149
0.10394958764663897,97.32435871930525,6,94.49779099340526
0.1045213944362331,61.02646615193176,3,58.75681762380006
0.1039725620257741,79.92449966369048,6,77.44508406246477
0.10476864252359519,88.91030961928428,4,86.35982901268486
0.10421434002455499,95.037439074691,5,91.8643613505985
0.2052983296171078,89.25859140659796,8,85.72219508216197
0.10427633438303019,117.85917056386687,8,112.89924800666991
0.10402215751309996,110.66859492429376,7,107.67537635519922
0.1036181001645673,107.8121079781551,8,105.11771246883644
0.10356668131407787,105.96690556010293,10,102.63531772732128
0.10452394714411639,62.239309295129964,4,59.79360736464212
0.10414651090286497,124.32144247091861,14,119.69645523833577
0.10426685289257875,111.69901142174984,8,107.51485567296001
0.10386352488967532,96.78011002868273,11,93.66845476304573
0.10363451043667737,79.9241823793887,6,76.7882551323232
0.10419756508053979,92.55467457842063,11,89.76415472455759
0.10412827726759133,75.69187611866518,6,73.37046857357774
0.10463189026268083,89.95181352082861,6,86.9263125789976
0.1042230921693772,76.01524546038023,10,73.53526301118403
0.10342190625306102,92.43136687494822,10,90.12087290141152
0.10394594091940235,69.73332751346746,6,67.26787220187194
0.10379423707763635,78.12530085575156,4,75.72353060429438
0.10362976969099691,109.40534376739734,7,106.17357302268728
0.1038011658583855,75.84084208391849,5,73.39106513226541
0.10482480211976508,108.3100182227361,8,103.98830979006547
0.10408889261634613,124.99501324692665,9,120.62326475982887
0.10391166168574273,64.23606797749979,5,61.76857928103897
0.10355501178855775,103.05212844542103,10,99.91390529316546
0.10456150843219802,98.78128437706431,7,95.71499913672234
0.10446924623920495,97.28363233820221,9,94.45878785877146
0.10505892199034861,108.62032094471782,8,104.90255305458288
0.10425919476620038,95.92132107648759,6,92.92633156341564
0.10391348504981579,69.01485695341046,7,66.54178263728267
0.10477083056048286,115.12474270956844,11,112.37534293118215
0.10403273302108573,101.94867068733966,11,99.10353056773974
0.10473582198119402,57.851841083363695,3,55.544077849187126
0.10413557072206459,113.0568068245412,9,109.82063977409938
0.10485434060865373,105.06181755143498,7,101.402451105014
0.104327388560705,93.07706937110613,10,90.78384549579876
0.10411441970518354,83.87049051536424,7,81.55242610096936
0.10400829995069216,104.91984461573627,8,101.42650240192798
0.10443460233364021,103.08804420049901,8,100.2849914677846
0.1042147046973696,88.69996586261664,5,86.23605090878338
0.10396271586341754,87.93891672880422,5,85.50278727651033
0.10396052782743936,100.89675165630129,8,97.68248507187144
0.10412718324914749,74.43866186190556,10,71.58455601756182
0.1040374737658567,96.62899850900753,8,93.69947886408097
0.10386680694409733,99.3205701578743,5,96.69471223616682
0.10413155932292284,119.26281801164129,12,115.64212626038551
0.10360460727406462,85.28167139557797,8,83.01241202436769
0.10491195889335359,84.21539773822207,7,81.30278375839629
0.10440506384475157,109.22430322739086,12,105.44234672763443
0.10423257365982863,82.68422085523706,7,80.40768045358035
0.1040345563851588,93.70601720274033,7,90.83488743588664
0.10458776486666466,110.56036333541806,10,107.55696558835652
0.10417057930135343,98.35742093173533,7,95.49775040873077
0.10413848810367199,88.86310481710655,7,86.33899005010761
0.10432191847030481,68.91760966976919,3,66.52836427649142
0.10348499463088956,98.97895446956129,9,95.95275815019995
0.10439922908244625,97.72682208819462,7,94.5807815014937
0.10512128102254792,78.55191985735692,6,76.15582588116713
0.10446012942247762,94.35766194548968,7,91.49251349821976
0.10400720593224833,114.19721491447257,11,111.05627325620621
0.10454509816099744,100.76460348971538,12,98.29452498087733
0.20613233607582515,121.08249798076038,14,115.60662234027896
0.10419647106300545,59.20586815591588,4,56.75716619144632
0.1044736223120708,65.68981121554705,5,63.20823480071846
0.10427596971021558,74.54388987472232,8,72.06688301048878
0.10428836858136492,96.13512421156085,7,93.53173094048147
0.10398277286185476,90.95560890432901,6,88.17495263812879
0.10400319453219709,99.95695671513069,7,96.85911883818721
0.10476827785169007,103.48095205662725,7,100.10306909985097
0.10410056214277574,101.33442152449074,7,98.16399084622074
0.10402726293068554,105.98497033005683,8,103.31685023430693
0.10454291012410977,58.12310562561766,5,55.766646178369676
0.10436203246626974,102.42804213852068,11,99.47639532986148
0.10466653416915506,96.20703884190159,6,92.60876537071978
0.10369796348550153,107.17052234513707,8,103.52037567727506
0.10462167942750966,97.59043489490026,11,95.18022666610626
0.1043496335951204,95.11876475275368,9,92.54337291194419
0.10416912061009498,91.25035077752298,5,88.60350198332767
0.10410712625071028,98.04625162206204,10,95.92858238282044
0.10405680141957419,101.16660081652647,9,97.95563338836126
0.10462313811785862,90.18787874836515,5,87.72135858235174
0.10394265886498033,109.46874428932756,6,105.05374854851544
0.10411988979558373,72.50702982437943,6,70.12794221413759
0.1044820097840784,123.24642480394769,8,118.1273273926265
0.10393244802980917,101.25157787728625,9,98.62656950687234
0.10416802659256064,101.88623380114737,11,98.87579459503692
0.1036520147254123,114.10925700682188,9,109.61343799794723
0.10400064182431379,87.53614954123557,9,84.51038532813405
0.10474129207159422,84.17563455394894,5,81.4207942443977
0.10411150232448563,97.07691326191218,7,94.77434586964343
0.10439594702711474,71.67156809750927,3,69.1575383932985
0.10426466485660058,89.14516074306124,8,86.9367211112609
0.1042121519885768,94.66749251835564,9,92.21657559294994
0.10451410098175984,91.74267205544086,8,89.36362136392212
0.10352364993650554,107.75088524872476,9,104.94076327552916
0.10421251666139142,93.12303771513626,7,90.80027207128975
0.10410056214368524,85.0015111669155,9,82.2369154306011
0.10398751360662573,97.2659116737265,8,94.56826076333212
0.10388139385122486,58.06225774829855,4,55.647863853179174
0.10397219735386898,98.88534682021259,10,96.47489559128103
0.1040403911474641,100.02606538361161,7,96.71745130257948
0.104479092402471,68.63375801966598,5,66.22792844488788
0.10412718325005699,118.9560514087584,8,115.25717954543981
0.1038292456560157,87.48116287715328,5,84.81275777821952
0.10473545730837941,88.97164285626481,8,85.78174439890122
0.10478687615886884,103.19695406401254,12,99.48891413211689
0.2057483357248202,94.84456678383927,10,91.88554660838955
0.10318669236403366,87.0782811295184,6,84.16464573938094
0.10463152559077571,75.92320287597086,5,73.50253283910439
0.10355172973413573,88.7910330376881,9,85.86040240925753
0.2057592759056206,117.6336976086788,10,114.44867398618696
