RT,PL,HC,DEG
0.013335706135285896,31.21110255092798,2,30.44190030188876
0.041707950624811474,45.19803902718557,5,44.42713805102207
0.028733270196379834,41.87495893646553,5,38.358960745087735
0.17113311382484042,42.0103775303038,6,39.58641005176687
0.0515110749194001,35.772699034745344,5,35.01671324097746
0.06725690115225547,37.75011069396749,6,36.66685883979944
0.022645428630504227,49.92121257541467,4,47.52280829162557
0.24939072353562963,55.980168442230735,10,51.989701141017576
0.03320524821976534,53.3523116976567,4,51.907838767708725
0.17172862390493293,55.52672453069581,5,52.08419124941346
0.03395282670364708,53.713875358026755,8,52.30257454811895
0.01977399790750667,48.162454576663336,8,45.31700048992126
0.0656625532832038,50.33923734200421,5,47.081525072808404
0.00563273037177936,49.93959303089841,4,48.79134516862687
0.06239508829995799,37.35917360311745,5,36.628818487617295
0.13489014425347534,59.29042165641257,8,56.13599059698031
0.029329509621334182,39.91383285145988,6,38.733390554051866
0.09615500328752091,46.79937836950759,5,46.25058804900432
0.2019078202908844,32.87347923611173,3,31.71651302813751
0.013911888576529918,36.21623512829616,4,34.99443087558423
0.009868765332200269,30.70820393249937,2,29.93716171813162
0.005375636307803688,34.596734679635915,3,31.516227931965176
0.2301564408262493,65.22813122784137,9,62.67193950493629
0.0012570258702169212,24.0,1,23.117003658537342
0.9260225506138084,66.05439115999643,12,64.71058462358887
0.25723956827160066,51.56062329783654,12,50.221545575069435
0.019036994924121586,32.51438079069415,3,31.352896493276432
0.14220766125724538,58.546370033040205,6,55.75588987184366
0.039293454458075416,45.50688265169488,7,41.62852111133117
0.03692490701764939,46.63302431987063,4,45.259410901954624
0.005202416903003382,39.91930648342735,4,39.162188337189455
0.019010738509081193,47.44717052842776,8,46.66675406170276
0.008894360596130468,31.810249675906654,2,31.04179437033127
0.16385716947823425,36.750448768193934,6,35.65635113093855
0.013898031024154989,36.31174189829407,4,34.413492422199454
0.07571657221043893,56.708887857810296,6,55.224923704498195
0.11846785066080656,39.191508225450306,6,34.44409875030199
0.028400324266726784,40.66214064232332,4,38.87307891753654
0.008515830612566333,63.18143308604838,5,60.28735033838913
0.01349324462555046,36.45288823286005,5,34.66264448820329
0.3907618262357744,49.778179367410466,7,49.24901201534391
0.062455259251095185,58.371705192639276,8,55.155257075712065
0.11451224879994015,32.738768882709856,4,31.97472570313234
0.05917648942249798,42.4207432206708,5,38.92114499369659
0.011173198618479319,49.60940533703088,7,47.18364797613878
0.09796450789096411,30.610365985079728,3,29.325063207106535
0.03049573205620959,45.155176747708595,6,44.06869113774534
0.019621929503699675,47.56958802330023,8,45.54658790991192
0.13290742024523183,28.56047793231507,3,26.45783887956899
0.022809531224510238,47.96406638554527,6,44.95186910784854
0.0065608217091153165,38.224463238279746,4,37.32433214028425
0.06372176660454443,51.88828619803729,6,49.39543817190011
0.7022475126605343,52.05021896182605,13,49.37619898064753
0.061981549763004296,35.739616779790595,6,34.95139662936321
0.01852098343402986,45.82465875887411,6,43.06200247019806
0.038917477181541926,40.373380211096354,4,39.45044725791594
0.07932062984764343,38.20085799480991,4,37.02572567279414
0.012329939570150827,40.354253421224186,3,39.5044829694336
0.39463391810988924,38.93083533653916,5,36.51659228509137
0.19325268480960744,56.255614208375555,6,54.693267372060966
0.1545737033980572,68.04475447746906,10,64.80386835240881
0.005504001003572512,39.761483571688906,5,37.03354756884375
0.018304003337476615,36.49697609267131,6,35.74272039928833
0.15038179380178462,40.192515058185485,5,37.548491938946576
0.006692468456748202,58.077645942541224,6,56.09700334633614
0.009838132847988845,44.46218514441217,4,43.43702087867215
0.028408347060235428,45.28465974374617,4,44.70638116565253
0.01872410597815133,49.92586670865688,6,48.5492908620082
0.01422733022951661,55.53691235968108,9,53.736198939447235
0.03947141460446346,33.555051366247305,4,30.520836750338173
0.02983567495579109,33.28188524283963,3,31.461410680199613
0.06441245618918856,37.41421356237309,5,36.57608318627901
0.03883214383267841,51.121508580117016,8,49.999119749887825
0.104448383717056,54.350403282994144,9,52.77555388586401
0.5530220951379192,48.64220024887343,8,44.59635289608031
0.035919505124923035,42.26468028068869,6,39.728867504609624
0.07955037347926464,49.89891392628807,4,46.802306653179286
0.258985984544438,45.49697609267131,7,44.793489666768224
0.03771259946898908,50.60555127546399,9,49.77417212642459
0.03880771077973577,50.73020634000774,6,48.10830142450222
0.1239342904040086,40.15729673483389,7,38.43694341883149
0.029554512511367648,31.32455532033676,3,30.564964534215026
0.17886198133095377,55.64559371975086,5,54.74501602018053
0.005292126321080559,54.34592576183441,5,53.33472579104977
0.028868563668311253,49.27007548369022,6,47.67701447009283
0.007035260542011201,47.50400832090381,5,46.366589037466525
0.010557996227134936,50.84266979309954,6,49.36226004227447
0.05156431709434628,35.460890872466685,6,33.590525628073216
0.01971747368065735,50.090014125618495,3,49.24279519666431
0.09016270589859232,65.32579340420396,3,63.11190519241162
0.00458575582189269,34.08276253029822,3,33.30605125396714
0.009692628547895765,33.05538513813742,2,31.30957789323094
0.05316632308444014,86.87338882493958,9,85.72057725289298
0.22764457712037256,42.85546156504357,7,42.123630157561664
0.13613878265778112,36.64576492455214,5,33.663649895687854
0.24115678471235924,40.0444185599742,5,39.25087275526318
0.04095417270957569,45.89365489937549,8,43.26298688345036
0.031065350393703284,55.95742586945078,8,54.26376142299825
0.19215720882635878,50.1412252057917,9,48.535609064129375
0.038579061165421535,44.17639640370045,6,43.23307527670557
0.06936762518381556,77.18462535735299,9,74.88001200338802
0.026991959337522076,31.496976092671314,3,30.73419197325792
0.03350245625114212,43.124057265733185,5,42.547825901862566
0.005033938239819236,38.92688058737939,3,38.288328246565015
0.0426334892551381,50.78545009263689,7,48.559210622072214
0.0090551811382511,41.790966462797584,4,41.045472968756364
0.16394432618926658,38.18045049659986,7,35.324911163219085
0.22897490214921845,48.41421356237309,4,47.90443717646044
0.008493950266711181,31.61577310586391,2,30.848175675017288
0.010053654254818412,52.002586174499214,6,50.89602519814405
0.08436003817394067,77.44413698968523,8,75.8874473587853
0.0944964730705351,36.05076352034165,5,34.78352093455683
0.011639979330368533,66.10453919735102,6,64.87607207499501
0.040774753873449754,40.373662925400026,9,39.14927195154885
0.345620849343959,41.06225774829855,6,40.46072168622221
0.028989634915490115,47.8046540437815,3,46.188162498253966
0.029984461307719812,34.95084461961866,3,34.15944937936143
0.0218635709381374,56.68508779734084,7,55.316109447230694
0.05834613029674074,44.559550729372326,7,41.81431080242355
0.004485106230902147,31.810249675906654,2,31.04179437033127
0.010218850866124285,35.578627565342074,5,34.33051950018269
0.12615660419947972,36.648130590668494,6,35.512851804219515
0.005771670568094578,37.84819196258327,4,37.06252039189326
0.1703363045627384,35.21359193188069,5,33.16015796776896
0.13985370071407033,38.163514615838764,7,35.154977971695125
0.09030456347431937,34.35848547237225,4,32.663097361898615
0.07918387768597768,61.32734342876236,8,58.99499981239152
0.052207234590525786,41.288399993672925,4,39.50857593109085
0.43796757843284695,41.08276253029822,6,40.181085257087396
0.023926522881197343,33.650281539872886,4,32.90459001829545
0.06051702527946645,36.878315177510856,5,34.545572522390394
0.010467557464210131,46.16702247038128,6,44.986389175487005
0.018174544624457667,30.0,2,29.2259827187706
0.5095203208242083,74.14494881358317,17,71.53461022705551
0.08813403316412405,34.56719600745604,5,33.78797241187771
0.011377415179936179,30.83107032116166,3,29.636497525285353
0.012333950966876728,41.12310562561766,4,40.3031211310314
0.03624661629567072,42.49860210693134,5,40.62094364968063
0.04208611593594469,63.47995904281687,8,59.1437299520048
0.5202198099545967,87.9879113082238,12,86.59883607940384
0.03566824581992023,71.81595200729852,8,69.39723773057426
0.04129951750189775,64.76710125673972,6,63.5436573536366
0.014388515444011318,32.91118965504441,3,32.15096052461378
0.02053397525401124,55.123335921689176,7,51.73418945444302
0.006938257675301429,46.60936032414932,6,45.02818472214014
0.03719841134102353,28.82842712474619,3,27.047116177627842
0.015488367496459432,32.76268279072263,3,31.517104636453315
0.10022875901609041,38.72865690108165,5,37.85301708080223
0.29158551185605575,39.47870866461908,8,38.77895855248433
0.04162042924133402,63.06916267132601,12,58.57142032644408
0.022283308906366983,31.21110255092798,2,30.44190030188876
0.19191178428025069,63.29196949162906,7,61.84796966293989
0.309328284321964,57.81733779980594,6,56.37368393773902
0.6168051267109149,78.45923908819447,10,75.49031128016941
0.03061315657907926,53.427485367138175,8,51.38137415716802
0.3637184480854785,51.795335787189295,6,46.631728270112376
0.009081802225750835,31.280109889280517,2,30.512503611969233
0.08193022576506337,129.27282408800417,12,123.97926720992766
0.04292522720004399,89.09752956860751,13,86.34458281061276
0.017044060087869184,35.13517504500173,4,32.346863185552586
0.5002747806768184,45.0,2,43.60792676021903
0.018776254135786985,26.82842712474619,2,25.11001933119747
0.29973010593369054,61.18659564862979,5,59.834506165154586
0.021724995414274417,35.84926642227226,5,34.054325758951265
0.006654177851373788,47.50850061322543,5,45.804369346304306
0.019516174498676264,72.22028303434153,8,68.16990067379844
0.01619947873723504,56.35617915829513,7,53.12474835123575
0.026568939317485274,67.17534090919891,8,64.24104233814688
0.00798814960467098,40.91635731339873,6,39.58851415705085
0.04350906776232932,50.65028153987288,8,49.723897294395876
0.06579420003083669,57.097353921526754,4,53.89596237238748
0.03628782428040722,39.39562313220223,7,38.60920576154734
0.009113893399785411,40.01653882941572,4,39.38484882771613
0.03038633032690541,73.11896435521686,8,70.99430326214151
0.08154002626372403,48.152325606445075,8,44.402485527852456
0.009547853592721367,39.54409977762965,3,38.80170029853962
0.2005074781551457,51.67046286750815,4,51.26321288147146
0.10819101687809507,34.49008258046241,6,32.0806774264186
0.024299947450685977,42.06417210012736,5,41.38467320191513
0.018755103134822093,45.771224972859244,6,44.86817696636158
0.020965382740200766,24.0,1,23.117003658537342
0.20304596294852217,76.41524037549871,7,73.66221770256534
0.015474874616529632,41.41305587577093,6,40.31218528552418
0.38004811488065116,71.21644054795837,11,68.3367518104527
0.00752975635873554,52.13474439002739,7,50.91753608601326
0.010068241151998336,36.147257632544196,6,35.36511575319944
0.11104020258289893,32.483866452974844,5,30.386388349254652
0.02625313299199661,44.42599644348323,6,40.44187435323488
0.19064527692682987,72.8924916155066,10,70.39793248283377
0.011177210015262062,39.51674366235482,3,38.90426127587955
0.21337385087167604,62.221135344564864,8,60.141783284990666
0.08765230088249609,65.30673451203752,4,63.75483579470501
0.006799317479021738,50.72004514666935,5,49.255898483017894
0.017058646984992265,41.958217307690624,6,41.08937340292877
0.06712416038726587,35.95246552938215,5,34.724448028620166
0.021055821503068728,61.904602012112775,4,59.36852051995015
0.04021534636410706,40.73454421180237,4,38.88425166819681
0.028607093535129025,41.90403078275958,6,40.525184532957525
0.10575792241741055,37.2450401904666,7,36.409279244538574
0.035041738583117876,53.70061451057957,8,49.74230686218681
0.7004128456593435,77.34629550493409,12,73.0242666291719
0.02340431195977999,51.485066865610364,5,50.21916695578616
0.12147676289032461,38.214988155745516,4,34.659623115086475
0.0037656075243148734,53.234346660837765,4,51.68126405445643
0.18346633544683755,31.414213562373096,3,30.656140869325974
0.06206287171517033,36.83107032116166,6,35.667482964369576
0.008842212438480601,51.939527296550295,7,50.353815630699685
0.3050510413768279,57.98289096067772,11,53.41962143254375
0.01723806582117504,29.974691494688166,4,27.30241820312445
0.030210193542643538,34.73205080756888,4,32.382783706253655
0.10966283481036498,100.77151553876625,15,94.60541414009988
0.012518110544533556,45.20763867735564,5,43.80196067989911
0.05100345089522307,48.652780487541165,7,46.92556886703202
0.03568173869973634,49.44205833033103,6,47.45087584545297
0.007817847579417503,31.810249675906654,2,31.04179437033127
0.06326847877267028,39.23574497538117,5,38.532049525150875
0.012927637684811089,37.86406225702332,5,36.07948477149039
0.015206111034785863,54.93430312655195,8,52.99067644875071
0.02523205018474073,42.18536337391621,4,41.07567443321425
0.14659503527650486,48.0,6,47.52440562079719
0.06261243306892084,49.49109741843587,5,46.73944825150497
0.007049847439361656,55.52763973402995,7,54.75552282487809
0.01732741056684972,39.25564639980225,4,38.496791881869726
0.02668745785763349,44.56540189760123,5,43.57506995363701
0.13762044674558638,36.020272243953784,5,34.22526611602581
0.3047946766578207,44.6668203692886,5,42.558814818169935
0.03754776752998623,43.940824185645596,5,42.14238794300194
0.022104619415017623,42.044359375107746,4,41.152106662382266
0.011525472186917796,62.92165810406159,5,61.57530470876663
0.019595673088701915,28.73205080756888,3,26.62155370668081
0.029466261782999936,42.6924379758743,8,41.194771388748805
0.151323013346655,86.67660752499195,11,81.83534785616676
0.005395693291461612,49.362872419578736,4,48.087941498715864
0.03372344774447811,24.0,1,23.117003658537342
0.008187260752038128,42.85546156504357,7,41.83477357021615
0.04606724486689018,43.76766251452115,6,42.83578937744168
0.08767053450401363,51.02093714256861,4,48.690133788512476
0.11643370783986029,48.83313840037397,9,45.58434637479739
0.03864032613375912,40.70820393249937,7,39.78819584206075
0.7399097873339997,57.895713177740305,4,55.01107452763339
0.013539193351789436,41.6616748409729,5,39.79508304699543
0.24975721932901251,35.236067977499786,6,34.50842744549025
0.026656460700905882,86.15010091646953,7,80.65873626635697
0.05762298486581585,40.284283227078674,5,37.734013457236486
0.015449712218696732,57.642508419874765,7,56.18139330417303
0.044383916924630284,44.14725763254419,7,43.26910430453404
0.010884742725352226,82.1761405760955,8,77.70858210081859
0.008170485820187423,39.77708598195183,5,39.00109067776927
0.02847289408055076,55.761094295525304,8,53.78198378491447
0.2657072621232146,81.40215071353771,11,76.70134055689658
0.008596423219842109,32.54400374531753,2,31.77561053769772
0.10196058839164834,116.43045143519461,14,112.56875433506173
0.055051679553571375,61.531334439828,6,57.83309554063548
0.045545398617946375,30.0,2,29.2259827187706
0.0051371405377267365,73.14269070258155,4,71.82774763299695
0.039411608325849556,44.577557133319075,7,42.00912913412326
0.05817364023675964,80.65737245333726,11,77.09047108385889
0.0157159230934667,43.41079842410248,9,42.060567502237724
0.01656123378893426,31.21110255092798,2,30.44190030188876
0.04149498192498413,61.142936679265276,6,57.61843754224724
0.0638019945394035,65.23505154284295,14,61.20658651327268
0.009082896243057803,36.88634951737267,4,36.07035229275612
0.2416155426307114,42.528596717383735,9,38.22746855918116
0.08636719523508418,30.09094975110955,3,28.750892777893203
0.1336914659723334,51.32863483837077,5,49.96773153375427
0.0523625850460121,48.14282350574456,9,44.48868190312037
0.004179875406180145,31.071067811865476,2,30.303602398261294
0.01996836831312976,50.027034440297385,6,49.03647148912354
0.006690280422162687,42.17008732545826,4,41.06009708611113
0.06697719739759123,53.74841200038746,7,52.66692376302037
0.0815899863866889,37.69853563616213,3,37.048218071603316
0.018744527634453334,62.28885274804797,6,59.41443145823767
0.23734595780661039,85.94722612617417,9,83.73250036977349
0.004498963783134968,36.262408256802786,4,35.436696757604956
0.040980064452242004,51.0164418090137,6,48.89298398550586
0.026638591751861895,50.53012440409708,8,49.531361546820236
0.12099065453958247,73.67709246301872,7,71.74891481100232
0.40493445560059627,109.07018749646032,7,106.4709652420073
0.030087298933267448,75.10348573976663,7,72.32778817592028
0.048170310777550185,43.416939576305886,3,42.27938567372532
0.008552297855658253,33.224463238279746,3,32.45059468009562
0.08051019131812609,36.27559765317396,4,35.45019303847505
0.01360957513111316,47.57160435749388,5,46.06886187191022
0.021894568094694478,36.7993783695076,4,35.98162483080193
0.01614733057954254,24.0,1,23.117003658537342
0.07103271950450107,45.7465955706113,7,43.92207458607031
0.0026858124554109963,35.40175425099138,2,34.59501322265515
0.027340586181708204,42.76649145375243,6,41.85228907158723
0.01573889745645829,55.873928277545794,5,54.45847963750078
0.006809892979617871,51.91676922893828,8,50.42568481333199
0.6331191125914302,51.53209630772365,9,50.9162398091771
0.0030337099549342383,38.963990038857645,3,38.03451460825557
0.007104548303914271,46.449070816933855,3,45.8902598424587
0.3496661606229736,98.16571617570708,11,94.79912324629922
0.3028192460981245,102.34971417860406,6,99.65770807298235
0.18328509324851439,52.23329611091569,7,50.54317048325197
0.06770180151829663,31.877102722670468,4,29.520600360720962
0.09075092253010553,43.45288823286005,8,41.76020619380515
0.08042631665875888,50.58041942778095,5,48.97544013595153
0.006415317408936971,38.06225774829855,3,37.185302396893
0.0016085700938219816,25.73205080756888,2,24.538211498387255
0.10659229293992212,93.54112838550171,10,89.34308807731723
0.006475488360138115,24.0,1,23.117003658537342
0.08630301288712872,42.04454382672599,6,39.98089444094799
0.0792991141740913,50.60453710230812,8,46.08066478427414
0.0327337267663097,49.421018358648844,6,48.276231871503214
0.11199637369736593,51.06785251301511,5,49.658803685674584
0.034585533371682686,60.3363473628804,5,57.07360368988044
0.7895756197517585,105.40291229211192,16,101.80867817214848
0.011328913746638136,24.0,1,23.117003658537342
0.13823674315426615,44.025961868644686,7,39.615877023627185
0.008146052767415313,44.75702147781343,6,41.8193372793555
0.08784776530546878,53.36569764347424,10,48.45857290389233
0.018910453590478937,34.48683298050514,4,33.75829692051252
0.2519904732973828,37.561471194917296,6,36.86664933587924
0.044511552275480426,43.226772762414356,7,42.56663924716006
0.0035610262902991963,38.14213562373095,3,37.25365101257861
0.05490034049466885,33.31883050779801,4,32.57834549444751
0.030193418610679146,42.02925523105638,3,41.443176556376635
0.11144134225696689,69.51838794099865,11,67.88408267710604
0.03266881507352082,68.23752200452472,7,67.48613500920038
0.03405128825988868,54.295804549733745,5,50.89391797061354
0.12082035251432899,54.275952883768916,5,51.425532522289785
0.030706148048921023,42.41580095137064,6,41.679301807626075
0.05307150825228746,46.155370081712945,7,44.06695399080331
0.05981247814247581,32.146264369941974,5,30.43377997102004
0.039387904617797176,53.291714239956704,5,51.75703301350136
0.03507711180895967,43.14213562373095,3,42.20540851366246
0.19803718710659268,65.82804200770659,9,61.870181416779154
0.02488524670275183,30.0,2,29.2259827187706
0.045328418521421554,34.3254032174175,4,33.58226134891567
0.04885224822373857,45.90624295968494,4,44.62890432614494
0.0038651630979984475,33.05538513813742,2,31.30957789323094
0.031613453057616425,31.496976092671314,3,30.739944386290706
0.008201482976801344,35.7522458442801,4,34.96259713037279
0.0226333944401631,45.97305287526435,7,43.26037187979306
0.0385283716975664,53.90501372772886,5,50.34004521417194
0.007077562544054672,50.03656256928911,7,47.653295259739636
0.038211471354770765,24.0,1,23.117003658537342
0.07147543183577909,46.44915035241388,7,45.03210641514115
0.027433577651663654,38.256427279461654,5,34.47467252073578
0.062324706520712425,49.135084676569086,5,48.54798156518783
0.016401871936523094,44.79008315442216,7,43.72511253229229
0.18655948700802583,62.93089864517436,4,60.63482836792375
0.10654123879953659,38.576231125348116,7,35.73264034343567
0.002799954926558712,34.63014581273465,2,33.83852877393432
0.031697327716983636,52.93415903596533,7,49.84132363064358
0.0887970076437341,59.847557609245335,8,56.12866810267684
0.01743243622695445,30.08276253029822,2,29.30854033788525
0.04915711437615755,49.76443115782591,8,48.525521028887475
0.0021380744638008764,35.48528137423857,3,34.70365583054977
0.053598095242932686,40.07154684966782,4,39.16360645545815
0.021392414156935047,47.00324689107004,4,46.13939781678902
0.04021789907096718,46.58085679939663,8,44.61155404783879
0.021107604988401363,44.32348275187253,5,43.513092505533244
0.054374118176610864,39.65247584249853,3,38.80618876150619
0.04956518282688194,67.5617717197101,12,63.5313874031518
0.004758245881930634,40.383009630327834,4,38.53050440259499
0.010895682898308223,40.34167885298313,5,38.382356795352564
0.01112469718509601,30.08276253029822,2,29.30854033788525
0.13549148909237374,78.94460489234498,11,74.2851622450271
0.13265871364706072,53.25986401912843,4,51.687160681078275
0.41649530101335586,56.227556763975116,7,52.48066683766576
0.005578029506978055,51.556431980158834,6,50.150611059900754
0.018671228475795942,67.94886668186825,9,67.52183720826415
0.11236250481829302,39.94987143363783,5,39.2322401093356
0.07322257745363459,45.54409977762964,4,44.72377230060507
0.007812742165242526,31.21110255092798,2,30.44190030188876
0.0024681030140527582,42.15294643796591,5,41.02619812288052
0.028080506544483796,46.47239972468914,6,45.13720313096774
0.04461256653894452,42.40837352513691,8,40.52131528712093
0.23535885772935217,93.54094966586513,9,89.930796860786
0.0057920922242828965,24.0,1,23.117003658537342
0.07678542710618785,50.324555320336756,3,nan
0.017058282312518713,30.0,2,29.2259827187706
0.017729644258452026,30.0,2,29.2259827187706
0.01305162631138046,30.92820323027551,3,29.738208461668677
0.023235833296666897,51.86673916877986,7,48.35528275693653
0.028414546491603687,40.21954445729288,4,39.613387702722264
0.019662408143631183,41.30417078031108,5,40.66146412308232
0.021163035197787394,63.59787598375452,7,60.73296859693527
0.04912283516750904,68.5006164999799,4,64.94343997510184
0.015473051254502934,41.04590467207512,7,40.021002653933145
0.00890420675182213,39.29010383020318,6,37.331322923138046
0.005507647727881704,35.45374323804727,3,34.72271863119741
0.014411489807116595,31.21110255092798,2,30.44190030188876
0.23582345040654218,100.69518945388106,14,94.97633277319235
0.008957448926821598,64.9913828030069,6,63.4953299313831
0.038090764780235986,72.28080645770899,11,68.44981122079807
0.029931948477496917,55.15901665278908,8,51.5988217234493
0.0050999439497445564,50.32753137998071,5,48.75066833489828
0.013449119261167652,53.14597217187113,6,52.23139772328878
0.048652043059064454,55.40772168725828,6,54.052054132835224
0.22247716877086532,42.13403974469017,6,41.29351005872618
0.041374275350335665,45.49874447913186,5,44.243047053265414
0.4203681222322757,59.19293238553179,11,56.70680031878361
0.07101630924512392,80.2640985787182,12,76.20443182063077
0.19314182439052274,53.761529211274734,4,53.18615840892521
0.01736497182741914,30.32455532033676,2,29.5515449235104
0.11312649356136717,36.46089087246669,7,34.602109018510085
0.022360619461778697,39.05538513813742,3,38.35639399015266
0.008395488710220889,32.60232526704263,2,30.85837298066198
0.01983161615157769,48.385672793619136,6,44.71138418228874
0.0024134021496138303,32.31883050779801,3,31.55382799024901
0.013298509547212234,48.17318101521411,7,46.14908130540333
0.006590360176005561,31.496976092671314,3,30.73419197325792
0.02671152623793205,35.34166020071207,6,32.31761017632044
0.055910118456495184,41.33834974523402,3,40.64830110184678
0.19096874137335362,43.47870866461908,6,42.475964516917216
0.04591262375606675,77.93248376569787,6,76.45112480938644
0.1036256827123907,44.53663105724556,8,43.67440868125862
0.04340039537783014,32.122417494872465,3,31.355665353684888
0.21981177797124474,78.90929359434834,7,77.26681261548067
0.24169285318635048,81.64771612494447,12,76.69690749675891
0.06490002322971122,70.56773511360075,7,68.62984399215173
0.05626129800793933,62.54178356890132,7,58.87332590177942
0.09237189148666403,45.477501758302665,5,44.034790567803675
0.01688870963221234,39.78743594570629,5,38.6069837815629
0.019935183122015587,54.90351332835765,6,54.4654704886419
0.002734313888822726,30.70820393249937,2,29.93716171813162
0.031351982924434196,40.10947652568959,5,37.75279211797633
0.03774323195307261,37.1628031993577,5,34.53010392132951
0.06701074726129264,36.208664261675786,5,32.23659008998836
0.012487113387805948,38.46089087246669,6,36.502955538040986
0.0683366962209675,31.187326068286865,3,29.226217726837778
0.011210759878849785,67.86241580800217,6,65.52934190110757
0.0036394308629041916,54.06002733034713,5,52.639569250140916
0.04259811602923946,30.0,2,29.2259827187706
0.026392802533109716,50.940644010229306,8,47.77405468727026
0.05175175872386717,41.00140837148474,4,39.008234793814395
0.1505334975331607,53.274909486416526,5,52.10214473613992
0.0017125017368471163,40.0,2,39.022081893817386
0.14389390657902368,52.663793070569476,13,50.47633127476723
0.23673440213951835,46.91147944179973,5,44.420339790497856
0.07066549436626701,31.87710272267047,4,29.36934580529036
0.6220148370625793,108.68741228584557,10,104.14501253038537
0.1702455011272832,86.43349183072155,8,82.89757212863292
0.012916332839495226,35.97252733607503,4,35.202106811832245
0.062277299104607664,55.1367915182594,7,53.68582759780046
0.0605498457982776,69.43267289161571,8,67.32876874941839
0.10135377346637142,104.23637702166891,12,100.66119637879522
0.048215894831400874,36.49697609267132,6,35.71569597837272
0.1549522333814366,38.25583764714773,4,35.754642902854556
0.07873970666491914,41.07395024523631,6,39.14636844463149
0.00562543692331019,50.06225774829855,4,48.72272014076016
0.04458558077908492,87.19921077719881,10,83.55082525767897
0.00576000105024832,35.31370849898476,2,34.50869109819846
0.1566640057733366,40.37304877580236,6,37.795746534014704
0.008930463166734626,31.496976092671314,3,30.75092343638854
0.13859813353337813,42.31883050779801,6,40.30153576457214
0.48175671462217906,61.54683777298727,7,58.696398818506985
0.0515898441644822,53.08679276123039,3,51.50449001816567
0.02668417580548521,24.0,1,23.117003658537342
0.011290258468989123,44.92466677818401,5,43.74281199107274
0.022685542598082975,59.26317151704181,5,57.645456557192695
0.01161736963945259,41.42298057461822,7,40.50670641733984
0.10060254825816628,33.0,4,32.252220131434285
0.006322325939208895,30.0,2,29.2259827187706
0.17190257265451692,44.253673052011194,7,41.51881502928507
0.08177523998188008,93.35919886473161,8,91.92863279861868
0.018451330999596394,58.304255583012775,6,57.59871520725613
0.367218938752103,71.7562714909799,5,70.6859527562152
0.019171559051073928,33.89949493661166,4,33.134354050380765
0.05070369015675169,60.33392271184729,8,57.923569099073504
0.40021304163428795,43.63781389654553,9,40.57187379935528
0.00255927112198151,41.53915582734467,5,40.627636598344594
0.7240505479749118,80.83446065111343,9,79.33073166511552
0.003868445149919353,51.4928556845359,3,50.6705632810089
0.014957404436700017,45.15781853980406,5,43.9153146097981
0.04242708465903888,49.40881526041982,9,48.060259398002636
0.11930149183831418,40.295630140987,4,39.328137904157344
0.013619056614288638,31.08276253029822,3,30.323552041238223
0.024710203935910613,50.94399894357912,4,48.172746011866316
0.06373854153639513,44.154404651730204,4,42.86890050310406
0.007570234998638625,34.42637425922249,4,32.62662940110174
0.03603145956139997,24.0,1,23.117003658537342
0.016665165431959394,46.20934456613052,4,44.69570029325697
0.04166382526068446,40.85300667219901,10,39.63843295099059
0.05268641416500941,53.176486368289034,8,49.79209600593898
0.27314694439155573,87.47622711693569,9,84.77744942778534
0.14381477266147158,44.76133592712498,7,43.5839651059482
0.005818348639195392,51.3614328225888,6,50.567163207376446
0.01706812846828143,31.0,3,30.242271702115957
0.07247718700432415,65.14797455261818,9,63.4974909692679
0.050244932238456386,37.782603071525514,5,36.5338284496209
0.014361894356625271,50.227782808894986,4,49.04704052121247
0.07561628729195036,46.16227766016838,4,45.57330880993506
0.29553454961319403,63.780107954432765,6,62.656018505118276
0.2121007794144134,106.88538941140119,16,100.99948479158263
0.006033870046167067,46.26159890306617,4,45.32529741357053
0.020512824253046347,39.790966462797584,4,39.159797416400735
0.037299425604487624,49.714782689540385,4,48.22593047879905
0.2457108140326909,68.03704712753782,9,65.88341130100467
0.22840564848411304,48.768054002265956,8,48.02632755074115
0.02701201632135053,79.29420222996934,12,76.88626369325804
0.01630815112162054,42.26649622399323,5,40.630303649139805
0.05218498957219708,32.0,4,31.249606374342843
0.015806361856448348,40.812559200041264,6,39.822835432514836
0.0014426441377963783,24.0,1,23.117003658537342
0.026070796776593852,47.03429528066207,6,45.94553889340493
1.0766249712364697,48.73596030981932,3,47.2457736462899
0.013249643441668013,53.25351677769069,5,51.71091551938579
0.015073734942234296,28.56047793231507,4,26.425712363717572
0.08361647108677062,41.24560862414603,4,39.92095095227527
0.0401267309632658,37.398345637668164,6,36.6123431490441
0.01420581455613501,35.812570843487286,5,34.20924945472667
0.044693888491110556,45.73415084871012,5,43.177231483379686
0.7940902644495509,39.67839884799814,7,36.121395356254666
0.11077909712207656,58.80890066196596,7,57.53715050502112
0.009612400613150385,49.83436197440152,6,46.537015237718855
0.010322417836732711,51.48047254648761,8,48.75480656775205
0.09445380639613177,36.51212253038619,4,35.36570540626291
0.04119522118662644,64.23386764715431,7,62.71803001497219
0.011674987883679933,33.30713578936526,3,32.546765257410435
0.032768735319677944,97.27095513087079,9,92.50146770977175
0.012841574990943627,50.0,3,49.26024554464106
0.4415504850690013,36.062344153041586,6,34.943571862713846
0.08158779835230234,31.20927638262054,3,30.02055528360482
0.13285417807037447,77.03441778336042,10,73.46733573348578
0.010266987627119306,47.539161093165696,6,45.65404038211106
0.010831865222826309,46.70628140548591,6,45.1784026295972
0.12222616473650305,87.31775332565714,14,84.84342836496761
0.1492801183874235,50.667062976290524,6,47.475950928823046
0.04473217909662708,42.23527226349241,4,39.743130176264664
0.02029766751866191,36.34280791544034,6,33.618039269137874
0.13487191063200044,44.97597217344207,5,44.356381323676146
0.05408165088670103,49.573327116661304,5,46.021199264436476
0.005619966836547974,50.44717052842777,4,49.23268485160209
0.0036266673280351824,33.8488578017961,2,33.070074334365124
0.02387875079261903,33.531429177076475,5,31.581215450119473
0.09248530461263726,33.30056307974577,4,31.1716969756859
0.026448962087670225,44.876105495544614,6,44.20188102295186
0.03237379507663718,60.05646092714198,6,57.70649918373896
0.2422836225246101,49.171732803158704,9,48.03284262001659
0.4770404060700457,66.9878722684483,6,63.141338906764005
0.0070060867474239785,32.625316113301075,3,31.85586492136085
0.00949789346941543,44.31856397088568,4,43.001311911772085
0.0064758530329527275,35.89949493661166,5,35.1403732023816
0.25233727677959905,74.7714533679387,7,72.11743587714444
0.006969254832256411,24.0,1,23.117003658537342
0.004056616124216816,24.0,1,23.117003658537342
0.0375966336359852,45.223833371262515,5,43.80467371154052
0.012421472350069962,50.04231645236548,6,48.79338561023955
0.012002463726730639,41.42872217103538,5,39.982637962304175
0.0049117729749923456,40.15549442140351,3,39.35856855299157
0.23152578580493355,38.7465955706113,7,36.83277362939971
0.020993097844893782,70.41114817572381,7,66.79094966329745
0.021309998187462043,30.08276253029822,2,29.30854033788525
0.47410369898170757,90.46332153904045,13,85.02540846423834
0.06426221114725195,52.290175681721124,8,48.87023844016122
0.19683923817001414,47.49971478115209,4,46.035134998067974
0.01623521663577776,41.826197662970195,5,39.237927910479556
0.05326405529558542,46.11381041053223,6,45.26482740936176
0.017392322259638604,30.0,2,29.2259827187706
0.01592779777593023,31.496976092671314,3,30.73419197325792
0.3606201911102289,106.83181632539981,12,100.48767196220584
0.4001083806465431,49.43908891458577,5,48.60679735899384
0.008371055657335091,28.181540550352057,3,26.741169151580333
0.03396230818680124,45.191176703297415,6,43.98578141537722
0.021038681898971845,33.41421356237309,4,32.67821854794973
0.0058343942259853065,38.32397703836328,3,37.62740528638708
0.06728862765385202,36.19399665062899,5,33.49383819368789
0.01827410019814124,50.73573137713091,5,47.97197423445383
0.022995149491634947,46.34545033097389,8,44.66043160137758
0.06964112950709023,32.41421356237309,4,31.65632881508371
0.1263684788818864,44.40731540980612,7,43.24652512992584
0.6036805659132369,59.606937226558244,8,58.7511152279431
0.017274897736569983,24.0,1,23.117003658537342
0.12135642098837707,71.09621543646475,6,68.97160681900361
0.2161402559340786,40.099019513592786,7,39.24390057128203
0.08505765653490016,92.3572859195728,11,88.23122711702263
0.0028335047904874955,37.93260727443739,3,37.14198721641349
0.0645929690426783,47.26267650163207,3,45.599148536263236
0.01057331246920512,48.527521093137,6,47.00751939871944
0.01899505759456588,36.26347998464535,6,34.42935374863502
0.03986307279592438,54.06650208239918,8,49.95557636720687
0.11748104706202867,38.33859534563509,6,37.52327724487051
0.027609714435584465,37.64576492455213,5,34.67098456791516
0.08802062003769606,58.00876701224513,12,56.565821700632554
0.006244650711323629,50.09848118405134,4,48.133119938560164
0.010043078754279122,38.69432345165362,4,37.804596895351416
0.4517419855028493,46.13028302229161,7,43.57352425514629
0.027228267073041934,39.089074649698794,8,37.79547738932831
0.023339035594744928,33.41421356237309,4,32.653343571962054
0.07113993319944711,69.94019437975493,7,66.78162894074764
0.025598910650387552,87.75564463240042,10,85.79959618761002
0.35183814962283577,46.92914264479149,9,43.42404395602399
0.03130202280135563,36.5663613229725,5,33.762436726648026
0.006940445710370113,34.44766094595442,3,33.66236232383591
0.030610239199631906,38.386813068635306,3,37.74796815328019
0.013224481043835112,33.625316113301075,4,32.85390684134057
0.03655622318956375,31.08276253029822,3,30.317991015413156
0.10331972254243738,60.79858893541043,9,57.05779697618475
0.003776912369630736,31.071067811865476,2,30.303602398261294
0.08699260845469325,50.69778955475184,6,47.65289285080201
0.018183661435159593,30.08276253029822,2,29.30854033788525
0.03479522001953228,32.623489944993636,4,30.729092617718344
0.11658067082953494,53.24100391120081,8,49.345103753897796
0.008782041487393144,35.16227766016838,5,34.37217437908412
0.19413191004105101,74.67766702789169,8,72.1687227444078
0.01665313124158274,37.677647078934854,5,36.386630660511344
0.0471277122965148,89.89797274812507,9,87.78877772207484
0.012429130470991367,38.41421356237309,4,37.560746292162584
0.018420698515456024,43.46011823444822,7,42.509216316106325
0.23155787697942287,42.23574497538117,7,41.20187848844504
0.024777668335445924,55.43826948378288,8,53.58092662017374
0.012735455313759303,34.81665382639197,3,34.0221961640249
0.04429603086919087,31.08276253029822,3,30.317991015413156
0.14053563816059977,75.97058129033012,10,72.02191532022168
0.031174387450846552,46.16014246156427,11,42.87312681045974
0.034847368177452154,34.36308110070411,5,32.48134470311129
0.0425525319751614,40.7911193437471,6,37.70668642840872
0.015521188015100051,24.0,1,23.117003658537342
0.10929013958593714,51.61622477121804,4,48.647670746474034
0.01427036157610928,43.5548984852978,6,42.78313624518189
0.1071352901899445,53.98648175953095,4,50.7503926797929
0.09329159535809595,34.625316113301075,5,33.85734608571867
0.009447933346564241,35.31375520796336,4,34.51586440850407
0.08761802167373389,53.61006872606242,6,48.77471592894154
0.002223772485194786,33.48683298050514,2,32.71269679491312
1.1169322150531116,84.78939330282712,12,83.68558648459158
0.3382387853198452,61.00453839187554,10,58.22870428544125
0.12204929860718039,41.26504872137184,8,37.00860344123232
0.01948116594530802,42.50659781834222,6,41.708138874894935
0.007120958563518798,30.0,2,27.329879673530268
0.010259329505970527,33.733044070171104,4,32.96436237875086
0.010396081667749968,49.21101468648115,8,47.6193428115319
0.007312776262097032,47.487965572883724,6,46.473099493077186
0.04223891368474142,36.15298244508294,6,35.384004193689286
0.15641201712332986,44.27077986653907,5,42.27741833825283
0.14560567897115106,105.52875542278288,13,100.54838354008754
0.01278614478178497,40.45374323804726,5,39.67759194038668
0.012525403993095097,54.60843974640984,7,53.41982149658549
0.00905663982803162,37.08276253029822,4,36.358527927591034
0.006602394366382214,46.449070816933855,3,44.95317274584631
0.028227469534158445,69.18839281016896,7,67.28243060544727
0.43466948096556735,45.91552278922149,4,44.7836888841708
0.0326808492636701,42.416970706843856,5,41.39426072105214
0.024689417607078212,50.65185463616954,5,47.81779626803972
0.7932194266841179,48.72459066936853,7,46.2355066188461
0.062363726470721303,65.41627593176804,6,64.87568197406927
0.1055631873391576,41.89808001534794,7,37.60511330462553
0.0072569813801237615,41.48885193835461,4,40.653901098564596
0.009167500247258431,48.69887330611926,5,47.123600134425324
0.009904138557885744,48.48338515886966,7,46.57141644735377
0.024295206708757178,53.544060507947286,6,49.993039265252726
0.5354186275403663,81.63883420415472,9,77.95059231429931
0.01994028853596319,34.86138409080087,4,34.06795308614192
0.01868545070055916,53.922483995125255,9,53.15907259153902
0.006313573800980521,28.56047793231507,3,26.45783887956899
0.07066804707346819,33.625316113301075,4,32.89632884681597
0.012409073488015565,28.242640687119284,2,26.000387260036806
0.017437541641356802,41.00652965829771,4,40.01977208001713
0.021934682062237698,42.44420023061009,7,41.35531970997677
0.03499469583948667,68.38797854612974,3,65.9047486170844
0.17288500018412378,37.99472554343702,6,34.498269245765776
0.014882281916015927,24.0,1,23.117003658537342
0.0581076345265501,42.4339811320566,5,41.84700355342138
0.005592981076915748,62.94346195399169,6,60.881479572954945
0.06086200539903075,40.034295280662064,7,39.21437289840271
0.06283050718275263,29.27791686752937,3,27.275773023023426
0.0038268724929366726,39.4339811320566,4,38.518635508843204
0.1259779147080735,45.652381581014126,5,44.26401319601805
0.00411678707541796,32.69432345165361,3,31.929272163325066
0.03032178330613533,45.54511736803871,5,43.07528137509201
0.031509156742231426,33.41421356237309,5,32.67281774927553
0.04401195104492217,49.43388863990979,8,47.942731903407235
0.06649400642618275,40.1642712077753,10,38.96992586134127
1.4927019929709786,73.20003028959329,8,68.83762035973847
0.007008639454852528,36.41421356237309,4,35.610768599469274
0.36033538194169523,39.1628031993577,6,36.54005235064806
0.01298817330825841,65.27435899676,8,64.70766066724431
0.011730418093065964,39.0,4,38.34307634394763
0.003907465099928231,31.0,3,30.233317390997485
0.024331673952474375,80.02996281147136,14,76.72337183273729
0.20129480593413973,42.12474195290061,8,39.49185911819095
0.09999536866007475,93.25267116306927,14,91.29091222918177
0.013892925609980011,33.0,2,32.23324773945599
0.13429536351850402,52.071067811865476,4,50.30565755310537
0.02355236896664792,52.00252971086367,7,49.63262559159547
0.30524431776530037,51.58343520682468,10,49.22405564894759
0.16154915766173872,41.370872973743204,6,40.69516090651079
0.16907271458876494,67.90550679254635,9,64.19699325791692
0.30342569635104155,42.79065048308143,7,41.707464583429605
0.12031163447272775,54.27193988993463,7,51.420110159410804
0.03879312388244216,33.97483686020965,4,33.24448423992047
0.033252290963446285,33.49697609267131,4,32.73204868836616
0.030133247659705376,35.338109489149566,4,33.631805380943234
0.025962853736473335,31.21110255092798,2,30.44190030188876
0.019098259892871283,46.58997477358689,6,44.9094272372396
0.008544639734736847,38.55438258541336,4,34.69398560456107
0.15934179543546634,106.27947201549594,9,103.3697919656582
0.05973699094920448,56.85859712163297,9,53.01157924103151
0.13292674788408476,51.60858344956052,7,48.563984706837324
0.008848411870076234,55.53681456003352,6,54.34928923667512
0.029834945610673458,30.92820323027551,4,28.448072115555817
0.02213014648486933,39.00078444122562,5,36.521777563935665
0.022315764752420364,42.46053121577953,6,41.510788466312384
0.013416663415227958,28.56047793231507,3,26.425712363717597
0.4375197606873371,57.895043881156994,6,54.08566535186203
0.0366656249193511,40.14438053078005,3,39.15487068635737
0.04259702201215987,62.8059604346817,8,61.578661339734204
0.020017599091715965,39.10462932219653,4,35.53977198708925
0.0710793975758861,42.26307136416919,5,41.670895298125934
0.20986242003209554,91.93089838197655,8,90.05479055509478
0.07942310280077436,95.23888902138881,11,90.91839533271927
0.07368242938946423,45.047456278341684,6,44.43006085537713
0.008214611184030218,32.54400374531753,2,31.77561053769772
0.06338152722628365,48.02690915139729,6,47.47343478489273
0.09767276994580243,39.05289036302594,5,36.276459564580904
0.015592663811730745,47.54085974864852,6,45.54234598270245
0.09268040436336378,49.70639155287386,5,47.87935677455875
0.011451808355559479,40.3129194473542,5,37.55092466778736
0.4029316746086806,92.22014449702542,9,87.98731025349373
0.007448799079156743,44.98586648879146,4,43.80269389974112
0.0016311797844537068,35.0,2,34.20978054745935
0.023983047108231403,61.68186220842493,6,59.82585585633592
0.057150734067363373,45.34516177731665,5,43.41990979065677
0.007917767825347255,56.2487524939303,6,54.73928342968279
0.03752625185688885,46.23404097698197,5,44.82657573598487
0.025751343726824416,33.31883050779801,4,32.57834549444751
0.48107441250340344,46.87957907238635,9,45.65511746907274
0.010471204188434058,40.85390720140896,6,38.9902941743222
0.08220044803692872,51.44236067836685,5,50.34280572710509
0.03320415420239442,44.794087125539164,5,42.793049097591826
0.03134177209676636,42.40191076974423,7,40.33396480642519
0.10054529468607143,36.26240825680279,3,34.46498989869303
0.038345670809576404,41.077281572396984,5,40.0119275528278
0.16763116446827553,58.127666455035296,4,55.632654624904326
0.06018663205713892,44.248287590894655,4,42.929407272254196
0.05510127500429007,52.28248566246941,9,50.83310874768359
0.01903079549265385,55.65166940885688,7,53.157530830968476
0.009322121357854485,45.99637575369114,6,42.276152322043686
0.023597588348366116,52.719515683061275,5,52.06882741102332
0.08759869403502307,52.881069619587485,10,49.89969792976914
0.044839392791345745,39.844965954161914,5,37.18476161956426
0.025776870797017182,39.75359094700863,6,37.06331756061496
0.0753263727092417,47.92688058737939,4,46.282762072359816
0.3360722664065179,43.163514615838764,10,40.17954558656077
0.020974134878542827,46.4845167812896,5,45.76430723874009
0.0344564393312794,36.71262569291448,5,33.86644882780601
0.005013516583858291,34.83130955811703,3,34.06362158663976
0.18894262134563178,72.56630166385568,9,71.50184391115612
0.011411329715883767,48.80893466363166,4,45.80007320318359
0.005869402779808297,51.85873667222552,5,50.499588573403976
0.08795570834536193,47.492422502470646,4,45.92032541033766
0.2913619676555754,64.98274400288192,12,62.1986643973426
0.012180423873360269,40.735358215176326,5,39.89438273425539
0.39325290361284715,49.12424402616684,6,47.18520457650211
0.15759866121425148,39.70820393249936,7,38.90894872715376
0.05614314414015098,54.78569941900461,4,53.881511690552394
0.041966868050622,50.10655234056369,8,46.06430602159037
0.214921885341937,62.78467589770421,10,59.54675563614972
0.021256026667742844,36.386740898448124,4,33.11095067522712
0.03358013147908423,35.38233234744176,6,32.5943375101222
0.16014881552564475,37.412964330595514,5,35.52515112233422
0.010119295292497554,34.57936495228478,3,32.712804408643294
0.008922440373225982,32.08276253029822,3,31.336971651942775
0.1150001805131069,119.61181587047152,14,114.67177853875512
0.1875721823494132,49.8309518948453,5,48.283107619753096
0.43488791975141794,44.126053953890164,4,43.007699610340566
0.15588068939132427,43.85377783076419,8,42.59008385681758
0.0068000468240825285,24.0,1,23.117003658537342
0.02451473951259686,34.28822143638491,4,32.407268308647964
0.14722774194478916,50.02252097399598,3,48.26214447803198
0.050813091886084294,48.839597900460525,7,47.24744341513246
0.021532813042995258,76.53225489705031,8,73.36899842779997
0.006340924232972611,46.162093806571995,4,45.38121282983163
0.19235084988713425,33.44627900011211,5,31.561194855631825
0.013618691942156147,38.81257084348729,6,37.08072976903006
0.0023101998513084254,49.50431692586223,4,48.80745547138057
0.6734405786328352,36.3254032174175,7,35.58944568219104
0.06760479865170055,98.51354348234791,9,95.64481009394315
0.015120777686206566,37.34756886389741,4,36.51280453076308
0.032483561478784395,69.94294783117682,8,67.08079983397943
0.10034618353893165,39.27435129104441,6,35.56937536812571
0.2814913789611637,49.24338933684042,11,46.50690143197445
0.3423778174137624,71.4969730481988,9,68.29225523260575
0.018697849563068303,40.43686083358102,6,39.659017332750885
0.007616548397436418,30.08276253029822,2,29.30854033788525
0.025899036061218794,47.53169811848679,7,46.24241063485583
0.19898095935832316,59.42556812779591,10,54.23259479539204
0.03600046240444499,33.122417494872465,4,32.355224267216876
0.015174749205471016,46.21024924220745,7,45.52075916051901
0.020939855669894314,40.33790051706915,4,36.836541406515735
0.01655029361609195,30.08276253029822,2,29.30854033788525
0.004155807025654212,53.38764710674946,6,49.32031902715066
0.020449371250379045,53.05040468352419,7,52.024299892948264
0.027569600468268618,43.33169387749301,8,41.311362301226914
0.03333178955335825,47.23335676971777,8,44.83294270348861
0.18812466108238368,56.889011005163916,4,56.048988309758876
0.009143431866505125,54.35976450389714,5,52.97855233025323
0.06017642122878897,67.1625165536904,7,64.89170547062756
0.051497946711606346,54.615521682408655,8,52.42768677301583
0.004339601930951176,31.21110255092798,2,30.44190030188876
0.005767294499037234,38.31651560644771,4,36.47629300692013
0.1165456622761667,53.41215126342104,6,50.18864649431961
0.03697741984797176,40.7832936166917,5,38.87570175487894
0.05568292753196147,49.711136412319455,6,47.60203544887686
0.17338350739737507,55.537266641834776,8,52.161928092280995
0.0267775319480279,48.84855734168734,5,46.72961694790902
0.004264479409812338,32.555641990915944,3,31.32575288428303
0.2944346975609733,40.87510443483979,7,38.82334189145398
0.008504161095061136,31.817337799805944,3,30.553998303054716
0.5093784632485949,54.812788577207016,6,51.77950183841996
0.04417058355238623,31.388905057061258,4,29.549192646448393
0.008138029973906669,55.08952897409999,4,53.48491576726109
0.9748558358710397,57.1062745003225,10,52.95360539780412
0.00520424026535693,31.21110255092798,2,30.44190030188876
0.12134876286700091,70.20091546215508,7,69.5745344514391
0.07116254288985147,40.71911199779093,8,38.82965215566679
0.0070626109741169785,32.60232526704263,2,31.832345282399505
0.01739998038056001,50.60555127546399,6,49.98893050501668
0.0824072173049899,71.37038704149171,9,68.92546159171765
0.028925452567818866,47.923450234475176,3,46.28833728647513
0.35257187055458417,50.998843663184054,13,48.14254978641053
0.004978143357675435,24.0,1,23.117003658537342
0.004418006503328797,30.70820393249937,2,29.93716171813162
0.14706582738517682,37.555641990915944,4,36.382484175482894
0.011682646004828712,53.01727146010609,5,51.41378408570152
0.05765507603973674,52.604223813517216,6,51.150868765884915
0.030243014061397844,39.61891391604098,6,37.75384814912932
0.03418257033536065,36.54230048347553,4,33.903495735393875
0.12854849067571195,52.47681411792474,11,49.713555802973126
0.2702984880315853,60.4854500114796,5,59.287984733470765
0.10717613350243482,38.45543219309602,6,34.63925642078785
0.006075078030789882,42.648130590668494,5,41.633351444148495
0.011921506447379215,37.62511840008253,5,35.665725372438985
0.5133599568521277,66.04058594073757,11,63.736587209064254
0.007820764958978543,31.57862756534207,3,30.33217820620136
0.03323186930720112,32.94427190999916,3,32.19104255985892
0.06551996636289914,54.27083948805246,5,51.876429107335696
0.17674250516074608,39.52378683957885,5,37.138365500706236
0.10681146107071982,124.57824914726407,12,121.61110709177927
0.024558135532060987,32.211102550927976,3,31.457143085559004
0.10385469699895111,59.58810525686278,8,55.10172370783844
0.008099374696030281,47.640324333265966,3,45.705359196233346
0.2085557987111315,86.55174814162378,14,83.28643833210793
0.005988285992316378,42.526680246658145,4,41.42406419712387
0.013032298672897014,28.73205080756888,3,26.62155370668081
0.06820468480054842,56.51323348329767,8,53.72476089037108
0.04434526164732233,55.440924074477586,7,53.32634560844032
0.06269630772794699,65.7205073353129,8,63.76942806517604
0.37037736667844,57.683856301028584,10,56.67835662268807
0.01574254418073906,30.70820393249937,2,29.93716171813162
0.12440909390898014,42.75521544269557,5,40.53588996156429
0.01237224157239325,59.14237692736462,7,55.60597527441569
0.007304753468815761,36.398345637668164,4,35.583642936009085
0.8746464044938875,49.1472576325442,6,47.61987233664779
0.037800850197527325,33.0,3,32.273252767570675
0.5847471379597664,47.34260101545629,9,42.54414093595479
0.028080506544483796,37.60555127546399,5,36.89433167034373
0.15960946499990314,43.76946460283222,6,41.79207693828779
0.005581311558671587,50.64077159576709,5,48.656952821126026
0.02415991323732669,43.135562914111446,6,42.52330928053945
0.007237653741412942,48.70786098063595,4,47.110882855484796
0.006572126554601709,40.21809837290654,3,39.25890428553049
0.19496518654614192,43.232615827013554,6,41.45358988267304
0.07611479450497427,45.99357851465787,5,44.06235735519746
0.03482147643489952,30.77311250591377,4,28.066476896500717
0.03522772152291509,39.36000166734415,5,38.59192478575084
0.024762352093603113,45.958217307690624,8,44.57260502593906
0.01998951931409465,31.896464810537854,3,30.727299250400254
0.05432306403599796,41.54685171379221,4,40.51736212977761
0.059597321408091375,52.73187317097173,5,51.52953858923713
0.011199090361060371,46.06417210012735,8,44.77420455734845
0.03650699241143229,67.49385964861676,7,66.16149120445355
0.1837033725269066,33.22902690024019,4,31.228657267447893
0.8243391132700708,65.23491291527631,9,60.68703767457619
0.032143686772542424,56.99527996347125,9,54.36047486996397
0.02588262580184164,30.08276253029822,2,29.30854033788525
0.2677953764641643,62.58038080997059,6,61.042089589051024
0.009688981823273934,43.53018508573127,4,42.33931848978298
0.03407572131300185,60.57165296445544,8,57.985787549204126
0.01794480099260909,62.51213074506019,6,61.04111738029891
0.261174383803791,54.079834824110605,8,52.42061977652922
0.03493598357817973,51.59695537949852,4,50.03815591600784
0.4234853421739899,74.29868248933096,13,67.82806908000256
0.012745301468839898,44.28142899468705,5,43.08817904005994
0.009242987440302386,39.64338582813477,5,38.71890601921759
0.10299735211356165,33.08276253029822,3,32.35676804543421
0.08879591362665451,43.98465916978641,9,40.24749622015783
0.15642733336608217,38.4912124402085,3,37.83184113290701
0.066276661656957,39.30344551311661,3,38.381236947046055
0.1864839998147545,91.71281044231581,16,88.22020209990481
0.005139328572568047,44.04988011054927,5,43.165441009023816
0.05881582838810573,50.47814891646609,7,49.6625622786663
0.04203177974341088,53.633758019665976,5,52.82819795086125
0.02067765619176498,33.095359310241705,3,31.852374650011146
0.045664646502700634,51.878311966406066,6,48.87231025702323
0.03835259958532333,44.79873659178556,5,42.38239557709665
0.02322452845146472,25.414213562373096,2,24.112886394706038
0.06375057572631704,36.810249675906654,3,36.10478306326122
1.1205030874989461,43.698908717413936,7,43.08089511355559
0.013508560868103814,44.738768882709856,4,44.15100088984137
0.028301133365857822,53.57096894707342,8,49.96207610590616
0.03565548228471016,53.721980104516724,6,51.83038289770613
0.04021498169140614,37.30056307974577,6,36.54573946024837
0.011434668751462596,37.15298244508295,5,36.41198000131708
0.0527859697385793,55.63114184425514,5,52.68757700780482
0.01301005365439778,50.487475676864214,4,49.59074227268107
0.009493517400642304,44.124611797498105,4,42.8028786315815
0.015740720818939735,30.0,2,29.2259827187706
0.026787378103563242,43.244834989744916,9,42.3160425494294
0.01877771282579488,35.63154574418054,4,32.87875538175119
0.02778986261682803,42.313755207963354,6,41.44405821478367
0.3301339405370527,90.41519780880157,17,83.67992923476304
0.3559159167484722,81.16092184539747,14,78.09595561739823
0.08942169151850976,27.146264369941974,3,25.517110628958275
0.34792995517773306,65.08936174890246,13,61.6479402635119
0.2301724864132666,42.3237112486998,5,40.48336146220271
0.04487768339640752,38.186912597118436,7,37.33104305619368
0.010706053234116553,52.9746600293477,5,51.91186361360379
0.037671391484309424,38.236067977499786,7,37.44863739664842
0.003088046147240675,44.4869409334233,5,43.307355337377906
0.025397976140538958,33.22902690024019,4,31.228657267447893
0.1496185344035439,42.76469274705655,4,40.99488217404702
0.2535490832678988,53.267014037832965,5,49.2967403494108
0.01632565539830466,31.87710272267047,4,29.36934580529036
0.06198847853920597,55.05719343476747,9,51.14191857908575
0.0024670089969731634,47.55294535724685,3,46.998251239088844
0.03428577263321131,43.374450193674186,6,41.60919301632462
0.047843564278991835,29.974691494688166,4,27.31995185081789
0.013902771765970101,32.94427190999916,3,32.20449906073073
0.04702523934338387,67.76783527268259,9,63.319940039812806
0.2170690766165535,49.490972439944635,5,46.96882293646508
0.016359934606953175,57.96860604380614,6,56.429765851773666
0.010235625798031833,24.0,1,23.117003658537342
0.08715269965205152,35.76749715457626,6,33.85876005946802
0.00988444624681506,33.94427190999916,4,33.176908074787455
0.13245340306821163,47.94417764851476,5,47.15032622678858
0.008034098330881534,34.848194694429694,3,34.079879249657154
0.041005591522207396,75.75950855023,11,73.48564608995855
0.017630088684654766,29.414213562373096,4,27.212628546999998
0.1173537763834247,36.06449510224597,6,35.32721461036679
0.4813129082735941,50.018218534580534,10,47.38689881164941
0.033989658619248075,39.06449510224598,5,38.20605141516984
0.004412536417021329,55.61124657682348,5,54.15738340966898
0.12562491179505741,51.38963178275114,10,48.11701940146493
0.21273932084159242,40.71092433619251,4,38.89775941348609
0.2798525410557886,56.913062643893596,9,55.29543919449361
0.06735317467428104,35.602532400236626,4,34.036756935159744
0.024960369223663292,56.66683698398147,5,55.369714430166695
0.04793546173186769,33.610365985079724,4,32.332328227791784
0.04285557476532631,56.30846343498443,6,55.27439089053739
0.018103068828168034,62.70168041358221,6,59.94848244855977
0.004448638987469167,47.9575339306776,5,46.363931577019066
0.008713483070096117,95.95722409642234,6,94.46569470533814
0.16237878744232148,55.5454629863364,9,54.15132643094129
0.029328050931781036,50.7612212873569,6,48.3684687899135
0.01993080705324246,39.51674366235482,3,38.90426127587955
0.67286658422654,59.25682140509639,7,57.7638944795192
0.019803171701823885,27.146264369941974,3,25.49889905541926
0.3180082175285861,64.81049316211464,8,59.7561845449225
0.07139009848697242,73.35990029530107,11,71.67630165638536
0.2335475297636549,52.45669394575542,4,50.235993293608715
0.029912256166426232,60.40252738415299,6,59.383026018478056
0.1734436783485762,58.41560930609238,5,57.73468725849568
0.23544893181997395,87.60624661730137,9,83.92616515560806
0.00513714053795411,24.0,1,23.117003658537342
0.007746736455374048,43.60466520961727,4,42.62348762700249
0.05794134389816463,48.462185144412175,6,45.444847145816794
0.03177792032374782,34.41421356237309,6,33.71006049836304
0.2177448146317147,34.3851648071345,5,32.44820824045442
0.02905746398755582,61.40776281162724,8,59.16046036247741
0.05173717182697146,68.36365368416557,9,66.44845115853767
0.1170624031110492,82.51231174408625,10,80.63987476055328
0.0067198188889960875,37.64508095113816,3,35.804003215971264
0.016878134131275147,80.35560297536124,8,78.68434008652174
0.006936798985407222,35.34432015817384,4,34.547388534237385
0.018642419353909645,41.766001036225774,4,40.68438304615857
0.025038044451321184,51.58622844826745,2,49.198266685677424
0.009877882142973249,76.03324792052112,9,74.24044672371178
0.06716135697524805,41.4705735563817,6,40.06902259812858
0.025213816563336877,51.12692897856435,6,48.391876470734
0.14868242027250744,34.44030650891055,2,32.68003875460792
0.0672477843413617,49.0641861296577,6,48.22225256295298
0.03288433648049249,55.89404467810083,8,51.37774797357846
0.011853677374801919,44.617890094961055,5,43.34210478295167
0.01143758613125101,30.0,2,29.2259827187706
0.04054501024211277,41.612252589558665,5,40.58455367851812
0.048913513192474056,33.54938860737482,4,31.53910235695777
0.00695357391714424,24.0,1,23.117003658537342
0.025974523254717496,62.94624750576753,7,61.47986775876363
0.02302869935556373,54.5819508178668,7,52.25522789709026
0.01703457860458002,46.210303495424675,4,44.082092098892865
0.004665983756694914,42.41792405997063,4,41.258662972801154
0.006809892979617871,42.02191243148413,3,41.173352886952266
0.019402761372475652,43.62209010487971,6,42.097050456446226
0.29516148971606526,41.03023446058874,7,40.17668674359124
0.014175546743899758,36.97697320301024,5,35.75443824467556
0.06546563017036533,97.17499500533455,13,92.04202863649324
0.09821904924774572,41.248806058294704,6,38.654174385460344
0.1243467349236198,64.24711603351822,10,61.35990703074551
0.01409568348162793,41.49965434657341,4,40.41728632689942
0.048159735276840365,57.8181544552596,8,54.28455292854867
0.03390396059830891,74.15068884362896,4,72.96129459466775
0.003641618897290755,40.671158244001326,3,39.86035784286853
0.013483398470270913,51.9016892392373,5,50.756267878871256
0.031871276466517884,33.88419856816829,4,32.72156240069011
