RT,PL,HC,DEG
0.002324424,88.54416491,5,87.38826014
0.018937088,75.14876602,6,73.48807935
0.006428086,112.4306059,7,109.2268165
0.020294765,115.4202325,10,113.8508254
0.00618886,112.1259217,6,108.9697091
0.002586259,48.0416486,1,47.14560579
0.003851308,77.35034094,4,76.0573112
0.019034821,93.52448763,4,91.72681811
0.014374668,68.17939586,4,66.98767937
0.021145546,98.70155523,8,97.0915657
0.002437472,73.94619356,3,72.18829453
0.097619234,132.4750377,12,128.597667
0.008468429,82.04399376,6,79.92969307
0.011666609,97.17363888,9,96.3500249
0.113301619,113.4172266,10,110.3010891
0.005801943,59.26662076,2,58.12546975
0.479458899,115.0195645,15,112.5944074
0.043493054,113.1648892,8,111.5049814
0.022363188,112.6012083,8,109.2931032
0.004315537,61.91209478,3,59.87219973
0.036624808,107.1623469,7,104.8202561
0.028855092,102.0065139,9,100.4756675
0.016609018,102.1169368,7,100.0218228
0.213888195,69.58558961,8,68.13054408
0.008254366,93.96056726,7,92.82762929
0.01477435,95.72904144,6,93.7498835
0.088429847,97.03103843,6,94.88510685
0.240634385,103.0867159,13,100.6800064
0.230448347,68.17408554,8,66.56517605
0.101113528,74.67427758,8,72.66554834
0.220774674,151.4437021,15,147.7015017
0.00627237,93.78262031,7,92.82019689
0.010081741,102.4843565,5,100.1582981
0.049577618,110.7685154,11,107.6476396
0.006010171,83.60312924,5,82.34746432
0.023967019,96.76756136,7,95.59092329
1.639665085,119.4259461,17,116.6329079
0.10322243,90.45001424,9,87.79267125
0.017579412,103.9869466,6,102.7616102
0.016122545,65.40394009,4,64.24523468
0.085916523,88.28708753,7,85.77421098
0.041293713,97.57200428,12,94.17522844
0.00225623,69.76720958,2,68.59962972
0.039397415,99.97720941,8,98.46633038
0.050133379,107.6640716,10,104.6011485
0.005261133,85.38263978,3,84.14406805
0.107076291,104.4280607,10,102.3476115
0.012226746,91.21410263,7,88.88362561
0.102980288,86.03919587,12,84.33506418
0.014030782,75.74400006,4,73.14825471
0.010612705,85.47897824,6,84.05135101
0.038112673,100.6861819,6,98.71297805
0.012542917,98.76845493,6,97.36083708
0.056220131,108.0067651,11,105.3538421
0.003935548,60.41096547,2,59.25915562
0.001814247,71.27620866,3,70.02907377
0.007189522,109.3891327,6,105.573972
0.036852729,102.827464,9,100.0701982
0.006980565,96.85700596,6,94.30227267
0.082452861,85.57770621,6,82.84144659
0.017224221,119.8943056,14,117.2863804
0.020671837,85.8753992,8,84.90099648
0.004673645,79.68441139,5,77.64639274
0.427722418,132.8723783,12,127.9653881
0.274977436,98.35174897,8,95.48341661
0.011021503,108.4026113,7,106.7168818
0.026171101,94.92985866,5,93.19195393
0.090790009,96.00000484,12,94.6531814
0.130550273,99.2403859,10,97.97892916
0.000940491,94.12852309,2,92.57528459
0.01183217,94.9627709,5,93.66796718
0.042102557,92.50377451,9,90.97698488
0.602304731,121.9189884,12,117.7009568
0.017463081,77.63090465,5,76.63409694
0.145112383,116.305181,12,113.5021455
0.041159149,103.4223766,8,101.085327
0.026888047,97.04001056,10,95.18808221
0.011232648,156.8737373,11,151.2892749
0.013670485,103.752722,10,102.0881269
0.386521697,80.13465728,10,77.79706626
0.011448899,89.42478215,8,88.41352914
0.012746769,108.5152069,8,105.1525955
0.012998029,78.97302078,5,77.88302698
0.025730941,119.1696462,10,117.2527184
0.263327602,92.67333705,9,90.61764635
0.03129767,117.1474785,7,112.1257666
0.207423642,115.0078506,6,109.8153795
0.021778253,92.8743922,5,89.28765681
0.015268846,102.2582354,9,99.69605429
0.025372832,105.4853531,7,103.2236546
0.049751567,76.33055801,5,75.06265999
0.089233221,106.1802277,8,103.6801032
0.020092736,111.7161668,7,109.2444039
0.014036981,99.08009007,4,96.944
0.007051676,73.09534579,4,70.89833217
0.065662237,87.94000334,8,85.96797958
0.022053581,117.1197119,8,114.1526736
0.003903821,105.2405057,6,101.2959312
0.036107338,97.23638072,9,94.64173093
0.016275707,117.1650005,9,112.7764275
0.04718026,116.2844666,11,113.0105996
0.023798176,127.6167551,11,124.8722856
0.001334702,89.65323839,3,88.57344644
0.069338502,98.53294108,8,96.06590871
0.072391177,70.32484695,7,68.88119181
0.033195062,80.62107536,6,78.26170474
0.018030877,96.74713121,6,94.96506032
0.030970193,88.16889083,8,86.82475512
0.011387999,88.9217517,8,87.63878492
0.024373994,96.13060976,11,94.46343224
0.021517877,153.7964918,11,148.2386216
0.025946462,89.0186115,5,85.52507099
0.005125475,95.2451473,7,93.99598415
0.061741276,114.5576532,12,110.269459
0.003793325,104.7938697,8,102.865967
0.019767448,107.225321,11,104.030951
0.226573699,112.5935744,11,109.8801852
0.011910575,114.6047607,7,111.971306
0.207021043,61.31956547,6,59.25519241
0.054543001,125.521399,8,122.8233155
0.012680399,105.6173644,5,102.6508931
0.028027649,119.5878558,7,115.9180488
0.020818435,92.79430058,6,90.59087757
0.014604048,103.4489263,5,101.6271098
0.032138969,69.16617503,5,67.27673495
0.009538379,92.00122387,8,90.78637876
0.052913279,85.19927087,10,83.29430332
0.043648769,123.3283361,9,120.1839076
0.00441254,107.8690754,5,105.9837444
0.004103662,91.70473324,6,88.45085389
0.039961199,107.108018,8,104.9785331
0.010800876,115.1190298,8,112.1554092
0.004443901,101.1807023,6,98.87052821
0.002359797,79.49001898,2,78.22435686
0.014937358,81.48930954,5,79.50228778
0.164431648,99.01448928,9,95.55477267
0.064337745,111.2224873,12,107.926268
0.283833148,95.00798789,8,93.23487322
0.013423602,97.0146461,7,95.08982083
0.026408138,100.6089311,5,98.14141956
0.012642838,101.500673,5,98.97851657
0.014548982,96.95583798,7,95.33790884
0.020427506,109.5805719,9,107.395874
0.012476912,85.21690919,2,84.31061688
0.002896231,85.42734344,4,84.42700045
0.018590649,97.79262955,8,95.61182856
0.032175437,110.5661249,8,108.0670033
0.034826607,115.1233005,6,110.9422586
0.018718285,99.86709698,5,98.30258392
0.054572175,92.42030155,4,89.59710706
0.05754134,159.3233925,12,154.5607459
0.02742594,87.13925596,6,84.83020397
0.04870058,102.2047013,7,99.94373826
0.057851312,119.1746033,8,115.0209784
0.03811012,129.595644,10,126.0328472
0.019851323,89.67232589,5,88.54549768
0.016136767,93.42264806,6,91.08175797
0.004866922,83.83553386,5,81.98103303
0.004170762,108.4855954,5,105.8636978
0.135784785,96.16931278,9,92.3764661
0.015564231,90.16620669,5,89.08686066
0.01729205,74.77934479,6,73.67520772
0.030515811,77.83444647,6,75.95299046
0.013805779,114.645474,9,112.0560491
0.004721417,74.11845822,2,73.08912681
0.024842598,95.98036698,5,94.60536862
0.015267022,114.2541433,6,112.224534
0.02769835,74.33642943,6,73.14998778
0.34283172,125.9065933,13,121.8884014
0.00196048,84.3359948,3,83.00635428
0.016031012,94.71173888,6,93.52471125
0.01123046,80.69138297,3,78.7692767
0.02555918,113.1432936,10,111.9232371
0.004841759,103.791039,4,101.694113
0.267917372,123.084782,15,119.0485954
0.039290201,104.0958737,8,101.8331124
1.189131295,79.62592257,7,77.42246997
0.076563397,132.7168458,8,128.5462611
0.032092656,75.34646623,6,72.97371217
0.058406344,60.96909524,6,59.18038779
0.036078529,95.849586,7,94.55794805
0.093412735,97.77516021,7,96.17442907
0.012915248,108.7136661,9,106.197553
0.601461973,105.5702186,15,103.205153
0.057427562,113.5824776,10,111.3982401
0.018017019,89.21909548,5,88.23102355
0.034419997,99.18911331,6,97.61528218
0.001457232,97.55905865,3,96.44549404
0.012717596,124.6789669,6,122.3596841
0.019510354,94.73967959,8,93.40431186
0.559244179,72.23020097,7,69.66349356
0.032762924,112.6250106,9,108.5983623
0.017491891,98.30179509,5,96.72810235
0.033098788,109.9521286,6,107.3600401
0.025631021,106.4480911,8,104.4716617
0.863744423,111.0512382,10,107.6817225
0.016181622,119.7213065,10,116.6996378
0.020267779,93.76903788,7,92.3986016
0.031508815,95.92472368,7,94.65117259
0.015740732,112.3445975,7,109.4599384
0.091804163,68.49726103,5,65.79859262
0.037006621,92.07980966,8,90.12248911
0.00489172,88.53996503,5,86.82770182
0.011233378,80.0737752,5,78.76868455
0.007635152,110.0235574,8,107.4241008
0.02400458,85.44249763,4,84.46799156
0.045744908,112.5979588,11,110.0678117
0.035599713,137.5140842,12,131.8000961
0.072371485,103.6120858,10,100.0071806
0.004854158,86.49952335,7,85.32168808
0.022759223,102.0522795,5,100.1572106
0.020178799,90.95733175,5,90.06651435
0.068860416,63.71257535,5,61.59021535
0.002894772,103.6002176,5,101.1479721
0.076663682,110.2725566,13,104.9542272
0.044527995,81.44605004,9,78.51254849
0.008689786,101.8849311,6,100.6443879
0.014951216,94.56374253,8,93.08202239
0.045111471,113.0228173,13,111.7036882
0.055603105,88.88673776,5,87.3730828
0.020292212,102.2060322,11,100.2190181
0.05237721,97.83081243,6,95.58660931
0.002017005,66.0416486,2,64.44178694
0.012587772,66.61056784,3,65.46613016
0.088603431,61.08083519,7,59.19460943
0.05204864,106.4725033,8,104.0671604
0.057204747,91.24170801,11,88.80249464
0.016390579,112.4751035,11,109.3423441
0.026909928,103.6443796,8,102.2796652
0.010151759,94.18736645,5,91.50579842
0.012438986,136.0326232,10,133.0734417
0.221189672,101.0869883,9,98.57170046
0.119567425,97.33656896,12,94.67000683
0.001993666,94.52297504,4,92.77808682
0.040863399,114.1631138,10,111.0508011
0.002292697,48.0416486,1,47.14560579
0.015193723,106.0031272,6,103.6449819
0.009229501,93.31714098,5,90.68499695
0.045782469,92.96161312,8,90.88459848
0.141703423,70.52270825,4,68.62499168
0.071096224,76.97551933,6,74.6950075
0.018003526,104.2534441,6,102.2180856
0.005201691,77.49897297,3,76.0748362
0.025736411,84.40713805,6,81.50198051
0.052908538,98.23576713,5,96.18508922
0.033987495,73.00782662,6,71.69546119
0.138067636,85.18738427,9,83.61164001
0.010238186,91.03173237,5,89.26494863
0.010477411,62.61328949,4,61.24067506
0.04190381,89.94219415,9,88.50994371
0.04863421,129.141673,11,125.6823572
0.155803492,115.3391855,11,112.7713092
0.017699389,89.00251627,8,87.79943338
0.007223801,97.52006574,5,95.77073152
0.037874542,103.5586516,7,101.8932389
0.006226057,105.2467204,7,102.1710148
0.031135755,115.1444328,10,110.7204024
0.004080323,89.77810721,4,88.40787318
0.001566269,83.09874488,2,82.26698611
0.016164847,94.63208504,7,93.40985552
0.020175517,88.68195539,6,86.7968903
0.055524336,105.7466175,9,102.9927503
0.065928083,156.012135,15,150.7305321
0.024778416,118.509944,8,115.5896565
0.049297549,118.8455598,10,115.9979335
0.034556749,102.102407,7,100.2713274
0.82127537,101.4667309,13,98.89992487
0.176712002,129.5512273,12,125.9290004
0.012910507,104.4576856,6,101.1166645
0.019705454,90.77190064,9,88.86417127
0.036037321,89.31540844,6,88.18022956
0.006796405,70.22277582,6,68.46072326
0.130886501,113.6296807,13,110.4044004
0.024500535,74.77859741,4,73.74828442
0.019016222,86.94851404,5,85.74356513
0.015836277,106.6508916,11,101.274635
0.005312552,108.8849978,5,106.8991432
0.02235006,78.39237504,6,76.78471534
0.029566933,85.01499674,7,83.27801362
0.038952149,67.55037722,6,65.69488826
0.002494361,91.83299106,3,89.25307311
0.007412337,68.23255456,3,67.05925427
0.01768152,100.5352466,5,98.28707624
0.017836871,94.52086147,3,92.96204904
0.016919354,130.1506934,8,125.869365
0.015886237,104.45079,7,101.9043944
0.047689343,102.489793,9,99.97419861
0.052757928,100.149934,12,98.41837547
0.006756656,104.7417352,7,102.2704085
0.004042032,108.4332248,3,104.0632613
0.035473537,97.02712479,8,95.55542511
0.236491338,100.8734024,12,96.2325356
0.025267077,109.6985166,7,106.6373445
0.034301843,100.6598221,9,98.72823894
0.015786316,96.93287158,9,95.30299008
0.03152559,103.5121037,5,101.2399568
0.034062253,117.3265847,9,114.2278323
0.118335926,114.8231961,9,111.7639182
0.040095763,97.27844212,8,96.12325697
0.091636049,106.676571,13,103.9904969
0.005073691,78.19969253,4,77.08965385
0.018447333,116.3563306,6,112.8507193
0.042757509,105.7572567,7,103.2089174
0.015526669,104.1919034,8,102.7592216
0.017215469,119.7712609,10,117.3419443
0.005257486,97.18576935,4,94.46580074
0.004990911,48.0416486,1,47.14560579
0.018555276,109.22447,8,107.9427011
0.003522009,48.0416486,1,47.14560579
0.001193209,48.0416486,1,47.14560579
0.00408397,98.79246751,3,97.00670121
0.000347533,48.0416486,1,47.14560579
0.008297398,87.17399796,6,85.57618333
0.051999409,125.4932053,11,122.3934555
0.163101322,100.8880013,9,98.56149682
0.347240978,71.3980997,11,68.49111112
0.006174638,76.07808049,3,73.86871567
0.040619798,72.90535296,9,71.46761217
0.004864004,80.02496011,3,79.04685671
0.005207526,109.2526159,5,105.8677922
0.021439473,101.3480583,6,97.79146954
0.00343704,91.37470057,4,89.65296337
0.003511069,98.24991103,6,96.63852617
0.003226989,129.0444258,9,124.9058449
0.006411311,87.41391313,7,86.14240346
0.066651594,97.06491503,10,95.29487487
0.018550535,106.9328115,5,103.0404086
0.021885832,101.7645706,7,99.61666861
0.041009268,97.30513456,9,95.499231
0.005605384,83.81873624,4,82.34304164
0.119793158,99.02411394,11,96.73613533
0.021417592,115.6200649,9,113.9117255
0.075046359,102.7879923,6,100.0714526
0.019496496,101.3875092,6,99.6221758
0.054144779,96.36790082,7,94.10757934
0.072647177,94.45825766,9,92.72155685
0.011675726,99.18253815,6,96.88916806
0.021365079,104.557964,9,102.7487373
0.344918377,109.6687905,14,107.223303
0.038020775,93.16334414,8,90.92596005
0.080997817,107.3379917,7,104.4917364
0.014596754,101.8580891,5,99.92119816
0.055076153,100.5111218,8,97.93894125
0.149678815,120.8702198,15,117.167047
0.106283858,107.3201878,9,104.1390933
0.007301112,105.4541705,6,102.3025116
0.00460691,103.3113689,4,100.2536627
0.003796607,48.0416486,1,47.14560579
0.020528155,88.93915217,5,87.96095112
0.027873028,93.27349614,6,91.41231174
0.362742485,121.0753883,13,117.8800215
0.036826108,98.5630253,7,96.92003564
0.049455088,62.87686632,4,61.60354493
0.055962307,109.0840763,9,106.7297441
0.018728131,106.5295681,7,104.4054609
0.01051789,102.7429236,6,100.6946678
0.014523455,103.5588599,5,100.5405021
0.059128396,94.05745457,7,91.08201616
0.08036037,113.2868176,14,110.1885706
0.02965956,100.995097,7,99.87617916
0.065075843,115.8821144,9,112.8541042
0.070451848,97.1063254,12,95.37618544
0.037500387,120.7502109,10,117.8616475
0.073892899,109.9713169,9,105.2774341
0.006393442,99.28152185,3,97.47404986
0.010886939,104.7028668,4,100.6495359
0.005365429,109.2852317,10,107.4298916
0.007245317,96.99798303,3,95.43078807
0.02384376,106.088981,11,103.6776802
0.086991213,114.7913561,13,110.6975438
0.025936981,121.1979782,11,117.7955903
0.051377642,99.78512519,12,97.29039314
0.018350695,91.74758405,5,88.74883389
0.02136982,107.7978445,8,104.3954717
0.00750934,104.1031919,6,101.6752062
0.117274363,94.94065574,8,93.10443879
0.11391828,93.06069882,11,91.88847399
0.06229886,113.3574743,8,108.6154134
0.011299384,100.165482,7,98.41394489
0.123278699,108.1929284,11,104.9096273
0.080294364,111.7307376,10,109.760284
0.095858959,107.4876884,12,104.9335118
0.09633121,99.02013302,10,97.57010792
0.024256569,109.358049,7,108.129316
0.050029812,98.22158995,10,96.75979716
0.102739968,113.6808859,13,110.2275441
0.02155325,93.65040123,4,91.80471131
0.04358094,75.90519506,7,73.5416271
0.124283373,104.8020189,10,101.987966
0.340139341,82.62059835,9,80.93200924
0.078235786,106.8615906,12,105.4961811
0.055870775,88.82035673,11,87.41753422
0.099241298,85.57269147,8,84.09700473
0.010137172,94.49627889,5,93.11075654
0.125081641,96.79120876,8,95.11442378
0.051351021,84.99326414,8,82.27837478
0.036345469,113.0367194,6,110.1460185
0.008917706,91.73409579,4,90.39676472
0.01151454,93.86115992,8,92.01573806
0.023251896,137.9569168,9,133.539688
0.049213674,97.6605634,11,95.41982806
0.024768205,115.9788775,7,113.4730523
0.003288983,87.29722145,2,86.28880313
0.044306274,99.79497009,8,97.76442696
0.005001121,106.6007017,6,104.4463775
0.117529999,105.2681677,14,102.3953939
0.042028164,100.2086711,11,97.82887493
0.004767366,90.08924068,2,88.94333396
0.010000055,76.90338798,2,75.91095196
0.144127037,98.94659837,13,97.29534842
0.011863532,96.44626663,4,95.02478004
0.051202235,77.76767848,6,74.650795
1.248124397,103.4705701,11,100.5451764
0.492268756,99.9588913,7,97.85072638
0.169154525,101.2665349,12,99.06870642
0.020536543,73.80965487,4,72.44056633
0.045386435,113.800242,9,111.8165468
0.082522879,94.65898659,7,92.36983188
0.021016088,103.8557552,5,101.5443152
0.485326482,118.3787433,12,114.7481519
0.02291348,100.1069349,4,99.02490737
0.020531802,102.0809888,4,100.0127048
0.009088373,101.3551501,7,99.88349149
0.038336582,105.5116068,9,102.9605306
0.075640411,115.765469,12,113.0790657
0.005191481,80.31240451,5,78.63214381
0.007747836,93.49983081,3,91.78055051
0.029925042,104.3360585,8,102.3022297
0.010290334,93.90119733,4,92.68424385
0.005044153,88.0191292,5,86.37384977
0.023845948,100.8056365,6,98.46154242
0.019619391,116.0597644,10,112.6763852
0.112936582,99.31529238,9,97.33784796
0.11406415,103.1632319,11,100.3716195
0.005525885,89.44163653,6,88.4225778
0.020460691,114.9305007,8,113.947401
0.039064833,108.821549,5,105.7127011
0.042025246,87.48898243,5,85.83192285
0.007067357,111.3019807,5,106.3546787
0.065397484,133.1524317,10,130.1455713
0.008274788,77.47091247,5,75.25521149
0.011588569,116.1253872,8,113.5213741
0.020224018,106.2639443,9,104.139924
0.084955246,67.46883246,7,64.92850624
0.006990776,71.26211064,7,69.95274873
0.029326978,100.4082206,8,98.29987155
0.023466323,90.60518775,7,88.83077703
0.047748784,117.9432581,8,113.5491344
0.00545368,64.44286806,2,63.17621065
0.011318711,103.5011473,8,100.8707455
0.005969327,77.01743086,3,74.60972107
0.020030013,100.163056,4,97.78900391
0.004448278,109.1159226,4,107.8372505
0.003277314,69.9733608,2,67.68998381
0.010663394,103.3768122,6,101.3399535
0.022693217,107.7944414,8,104.6162217
0.00748673,124.7351265,6,120.9589884
0.005685612,91.3505227,4,89.77231804
0.035329856,81.1830223,6,78.81550923
0.010139724,94.80366047,6,93.13296709
0.005678683,90.84351772,2,89.49551269
0.087952126,92.76174914,11,90.64937907
0.031056986,118.1230883,9,115.307502
0.016525508,102.9420035,6,100.9712618
0.002035968,90.0050803,4,88.81287646
0.005898946,100.817455,3,99.02270126
0.007776281,48.0416486,1,47.14560579
0.006982023,84.47574307,3,83.55699395
0.19982751,77.11986072,11,74.66837953
0.007096895,97.14777257,5,96.07078453
0.493461601,119.6417538,11,115.7994863
0.011057606,62.58565234,3,61.18301684
0.024899487,119.0166409,5,117.3649412
0.031812587,91.26158706,7,89.42999915
0.004331582,76.10719675,3,75.0945948
0.008858629,95.0330851,4,92.90172045
0.095978572,138.1040919,12,132.6053266
0.02900789,82.86704778,7,81.21764169
0.272248225,92.29302161,6,91.02379468
0.333727666,109.8221006,13,106.1771402
0.45555825,117.0181801,15,113.7351689
0.022850756,110.2438221,10,107.9573853
0.114344948,91.81159512,11,88.30788462
0.025956309,97.42481118,8,96.08176212
0.024169777,105.8042732,8,103.1509532
0.020788532,87.09506704,6,85.58658396
0.00355957,58.9956691,3,57.78824611
0.005285201,48.0416486,1,47.14560579
0.005508381,97.7633663,7,96.02899601
0.021555074,102.2453822,6,100.1453469
0.034726322,93.64613053,5,92.27331125
0.007557842,84.75979182,4,83.84035677
0.033710709,115.7738909,6,112.6155292
0.004624414,91.31967056,6,89.7583283
0.007083767,92.61566832,5,91.54979053
0.019330935,81.23476116,5,79.89645835
0.051109608,109.405619,8,106.5114947
0.025834143,132.0686115,11,128.4607011
0.049613356,109.2099126,11,106.9721533
0.003313416,81.38268975,5,80.30075139
0.02615542,88.75921763,8,86.84813704
0.049289526,115.5587301,9,113.082344
0.003772539,104.2637704,7,102.2578295
0.021255313,134.4847356,8,133.019308
0.02367601,86.55915323,7,85.21842182
0.305613224,80.21847265,11,77.39693196
0.217056471,106.7179779,15,103.7094703
0.002872892,90.29556023,5,88.20496474
0.021890573,90.98814842,7,88.90236221
0.027083877,60.63620205,4,58.28513736
0.033529831,76.41351299,7,74.73650843
0.005412472,102.6691955,7,100.2728511
0.004298397,48.0416486,1,47.14560579
0.002466281,48.0416486,1,47.14560579
0.039593244,107.7586377,10,105.029968
0.004444631,105.1955207,5,103.5635616
0.002720094,103.0356681,5,100.8849862
0.036761196,101.1904162,10,99.48371069
0.016489041,112.8383737,11,111.0683664
0.005749794,100.2020276,7,98.85562632
0.012467065,74.93846774,10,72.79235153
0.01707981,98.59738999,8,96.32591113
0.004339605,88.77290264,5,87.47844609
0.14861397,98.09018204,6,95.29480951
0.089982623,119.4888492,11,116.2550035
0.00986549,90.42595509,7,89.0854821
0.098376295,72.8044128,6,70.58908772
0.007786491,103.289186,9,101.329263
0.16139976,127.3946072,13,121.3196848
0.009750983,92.69958216,3,90.84083643
0.004151434,105.1140778,7,103.6741193
0.027448549,118.7376703,10,115.6275448
0.008047232,102.8036393,4,100.9604083
0.15693106,126.4917295,14,122.9277435
0.052684994,117.4889156,10,115.0636248
0.039281084,64.14179146,5,62.60480661
0.013115454,89.39746302,8,88.37155233
0.004180972,106.5034224,6,103.8294449
0.061865629,95.15048768,6,93.79198398
0.014638327,113.8980154,8,111.0071417
0.010580249,100.3166163,4,98.75611162
0.19559293,142.8659713,10,139.1465376
0.010877093,67.31310485,4,65.9839364
0.033142184,61.18579354,5,59.67986276
0.011109754,108.4165844,5,106.4842012
0.018506775,104.4582741,7,101.1037805
0.041668232,70.18511412,8,67.75016194
0.032634924,135.5328835,11,131.2038827
0.014137266,105.4381598,9,103.4070959
0.064564572,60.84962381,4,58.90882226
0.024388216,82.2801513,6,80.25714653
0.019491391,75.15113293,5,73.87181671
0.062457858,56.25544194,3,54.96466858
0.004017964,92.80731187,7,90.37651418
0.005875971,99.83415808,5,96.41436507
0.015113131,84.43427812,8,82.05281236
0.054909497,108.9609906,8,106.2906337
0.002493632,106.8593437,4,104.5721171
0.012326667,102.012952,9,99.45660037
0.003017302,70.18489296,5,68.98493812
0.017988939,89.15420916,4,88.22168168
0.006092587,94.60564225,5,93.17361702
0.057548634,90.25812296,8,88.94043673
0.008012224,93.42191719,6,91.72962502
0.003114305,99.41160291,4,97.46611482
0.008396954,97.47419817,5,95.23400927
0.008476817,79.17041343,2,78.34618911
0.003151137,61.19459504,2,60.04343987
0.15068677,90.78227884,12,85.88596919
0.010574414,104.2466204,7,102.6227191
0.007192804,97.32630412,9,95.46888679
0.008613204,79.09618466,3,78.08458765
0.010762221,70.37604902,5,67.90823722
0.001594349,69.71409486,4,68.23262159
0.006374114,100.4313996,8,98.67080655
0.012883886,99.19102929,5,97.51962521
0.135696169,98.04731591,14,95.32268225
0.013704765,92.78880931,10,90.74320052
0.015828254,112.6015551,9,110.2419423
0.054233394,92.81382214,12,91.06594996
0.000873026,91.19254662,2,89.93016563
0.005225395,93.17188175,8,91.91791485
0.006456895,54.74985253,3,53.54947984
0.005385122,64.65489632,2,63.52948274
0.006719094,93.02648712,9,91.41377509
0.073548284,68.16730741,6,66.57637491
0.193488769,117.7734008,10,114.2186547
0.008246708,99.48918362,9,96.60069595
0.009304259,98.15188624,6,96.80346191
0.014677711,92.5336213,7,91.44003934
0.006852929,93.96617624,5,92.38835547
0.050236581,87.59344687,8,86.27255765
0.012520672,107.7001091,7,104.9540998
0.014461825,108.9913293,9,105.4168241
0.029817463,110.4644785,8,108.3129817
0.001040047,93.48391967,2,91.93258078
0.022096977,77.90218087,7,76.52659657
0.033554994,128.5246727,10,125.7410875
0.005474102,66.15096986,4,64.87366743
0.105726273,93.47935977,6,91.57988292
0.019408975,106.9716244,7,103.6677883
0.11386905,99.79881168,8,97.7746724
0.091003342,88.27895089,8,86.31552405
0.032140428,123.8474777,10,121.0967784
0.015025609,100.3288519,7,98.92651321
0.037437299,104.3459033,11,102.1384625
0.012914884,99.44876503,4,97.5218553
0.027421563,99.52862582,9,96.5739371
0.238392012,117.8583887,11,114.7445484
0.004430044,89.24651157,6,87.8685152
0.040503102,99.24497667,9,97.80680758
0.003328368,88.05824476,5,86.14700209
0.042249155,87.82698763,6,86.65987879
0.008832008,92.94889669,3,91.23638477
0.005525521,70.12591127,6,68.61836756
0.019011846,76.28693248,6,74.32856844
0.0086628,100.8115077,8,98.24010365
0.001243534,78.5879632,3,77.62831042
0.020926743,98.93866553,8,96.8703905
0.00377655,91.00537343,4,90.05451954
0.007569147,101.167974,8,99.45223421
0.005575116,90.12619208,4,88.80354127
0.016225382,103.7397319,7,100.7325852
0.001766475,103.5365744,4,99.69216905
0.007094707,94.59229561,6,93.37589354
0.014943922,98.11020735,9,96.33426961
0.015722499,100.3210576,10,98.2344509
0.005377099,107.0293269,8,104.6672594
0.079179559,97.43187882,9,95.33557608
0.015109484,118.6169797,12,116.493697
0.011235566,112.4369463,12,108.9159024
0.005252381,90.56862415,3,89.06914147
0.007665055,104.3125558,7,102.1468962
0.001264685,97.19533954,5,96.05574025
0.012262849,86.77112225,6,85.65666558
0.024767476,95.9464112,9,93.85557508
0.015454464,92.41658646,5,91.5245499
0.110162516,128.4847454,14,123.3807483
0.022058322,101.1317792,11,99.70993078
0.00240064,94.38914232,6,92.86506238
0.004524129,106.4813358,7,103.4946807
0.009661638,124.9306024,11,122.5577048
0.010291428,90.97186335,6,89.74986574
0.020948988,98.95042874,6,96.12578031
0.016960198,112.5679144,10,110.2712501
0.007036724,123.6825193,8,119.958566
0.005567823,101.7351508,7,99.65819599
0.01376603,60.81329265,4,59.06535874
0.003121963,101.0319125,4,99.12520912
0.004002648,92.60604292,4,91.56691996
0.003869177,119.914866,9,116.0999537
0.002418145,48.0416486,1,47.14560579
0.049218051,104.6428439,10,102.3150568
0.001524697,98.73918753,5,96.93194407
0.017227868,94.06145545,6,92.73127018
0.014337472,90.56422406,6,89.35408123
0.000706006,67.861974,3,66.25708219
0.037013549,99.03942488,8,97.59665111
0.019877215,96.15999158,5,94.85569945
0.01082458,100.688191,8,98.91331965
0.048986848,98.23285373,11,95.6688761
0.022196898,68.84322127,6,67.22372398
0.037208649,77.50588048,6,75.26604916
0.012298951,83.13073668,7,81.37616234
0.012290564,104.362056,7,102.663499
0.00667351,111.9039356,4,109.2244911
0.001217277,72.39106096,3,71.10364998
0.005377828,73.9130807,5,72.78679105
0.002844082,92.72815457,7,90.92183106
0.007449899,72.49252958,6,70.34055483
0.008229569,107.2315021,8,104.0728554
0.015618202,98.50045785,9,96.59456324
0.012286917,103.9924392,9,101.1678899
0.012390849,102.7598982,6,101.1127178
0.070893466,94.96719745,10,92.7808194
0.008100475,90.38595852,7,88.442438
0.004780859,98.32192993,5,96.90605519
0.012303692,114.2593976,10,111.1075474
0.009209444,93.03644715,4,91.53744907
0.081932109,99.22339871,10,96.16837235
0.085824261,116.9795734,16,113.4040486
0.050193915,67.33897372,8,65.83031506
0.006220222,100.1894311,6,98.15355586
0.08995345,94.20082818,5,92.60480192
0.006867152,119.9236678,5,116.2109509
0.013666474,97.47208743,9,96.35988172
0.050448456,108.7501582,10,105.6341588
0.014639056,101.9292742,5,99.6087997
0.003201826,95.42234592,3,94.21470285
0.156733408,121.7912139,14,117.1151963
0.022203097,116.0891678,10,113.1903886
0.007278138,96.73948744,6,95.59726538
0.005683789,103.6560437,10,101.0485263
0.006104986,97.20201691,7,95.84433315
0.011683749,114.3595139,5,111.6557425
0.00734232,112.4960085,6,110.172396
0.031477818,112.3113479,11,108.3199852
0.159651519,84.55842474,8,83.09032077
0.029322602,93.17904218,9,91.01094379
0.029606318,103.9240061,7,102.236082
0.01130303,76.34165844,5,74.52048487
0.033811358,103.6496731,5,100.9852472
0.014641244,74.0093891,5,71.94286554
0.007703711,96.7642052,7,95.38600534
0.169331756,111.0901883,13,108.1930619
0.007050582,109.5406201,8,106.3977151
0.008536623,110.4075961,6,107.1531199
0.047761912,97.57678544,6,96.17810631
0.012085983,107.6535381,10,105.6620238
0.06783058,87.22158406,7,84.33166619
0.003148949,48.0416486,1,47.14560579
0.001889369,65.15889137,2,63.63864151
0.024650416,137.3960675,9,132.6278719
0.011357731,97.83056545,5,96.68983448
0.000839477,87.41168797,2,86.37891244
0.014731318,77.8033161,6,75.87030721
0.024072409,85.18376876,6,83.34283118
0.008098287,101.3668823,6,99.39456823
0.004148152,101.3291798,8,99.42181707
0.017645782,96.59811025,5,93.79212041
0.008919529,84.40596533,5,83.38007311
0.125309197,88.95386322,7,87.08873918
0.002392982,95.00491254,5,93.5423017
0.026098531,107.6641961,10,105.1447943
0.024824,109.7370943,6,106.3640947
0.004508813,103.4620083,7,101.5961414
0.003442146,105.6432274,7,103.0533957
0.023336135,112.3602099,8,109.6197145
0.00421671,112.6654862,7,109.7989936
0.007886776,76.87507478,5,74.83473711
0.016429964,106.4819138,9,101.9108266
0.014546794,108.118498,6,105.4334215
0.003349519,78.86250079,4,77.77254945
0.011171748,101.7698674,7,99.90400634
0.048845355,122.8117225,13,118.9732249
0.023934198,114.742979,10,112.2378152
0.09395245,90.64675212,11,88.97692968
0.008705831,90.06874858,6,87.95674869
0.171852373,78.92434693,9,77.06922164
0.011354814,125.292404,7,121.3950496
0.027693609,100.4590799,7,98.58873208
0.003969827,103.9939513,5,102.0704002
0.02555918,99.4251874,12,96.56871152
0.002833142,98.46323227,4,95.67041279
0.002834966,73.110436,4,72.10505081
0.014660936,96.66415245,9,95.29823317
0.01365371,103.2370407,11,100.8718064
0.019198194,99.82447284,8,98.45950427
0.003281325,107.4899146,5,104.7269462
0.05964222,115.3150229,14,110.4530521
0.010190779,104.312867,6,102.7393512
0.004193007,107.3710049,6,104.8893805
0.004115696,90.88315309,4,89.8115578
0.019649659,108.0345233,8,105.5338072
0.014887034,95.27454886,6,93.20944566
0.002058213,81.62208025,5,80.46271028
0.002154851,80.86067429,4,79.84260374
0.003390727,94.51041966,4,93.10767623
0.005204244,84.95025126,4,83.04746191
0.011315429,93.88583487,5,92.54525489
0.033064873,62.08958742,4,60.63614295
0.022145114,109.6108755,11,105.3708381
0.030964723,101.9793186,11,99.72703605
0.040938886,96.51611718,13,94.80891189
0.009519416,79.24974486,4,77.95544744
0.003030065,114.7531075,7,111.6417873
0.007307676,52.87007572,3,51.46459189
0.013900594,99.09932037,12,97.12722442
0.022555736,96.68088131,12,93.86660499
0.016465702,98.69172092,9,97.20368931
0.023890073,132.9292949,17,128.9913478
0.012814963,123.8432683,10,120.7991449
0.004749133,117.060379,5,115.1113311
0.025179191,95.22513401,10,93.68845558
0.001460879,102.654194,4,100.962199
0.072613627,101.5778362,10,99.5640527
0.004024163,109.3202724,8,105.5413326
0.01152074,83.31306155,7,81.90054038
0.002302543,87.69309055,4,86.67565358
0.006253772,117.9417304,7,114.2790025
0.029244927,108.5463051,10,105.3516789
0.034179313,97.79524261,7,96.45070585
0.005999595,105.3361177,7,102.7227878
0.016422306,93.81944574,6,92.2435957
0.045914845,101.4547815,6,98.44610625
0.014865882,115.5148003,13,112.5262556
0.007162172,104.8700757,8,102.5161753
0.062961471,111.428983,8,108.2167603
0.020695176,66.15018561,5,64.88095351
0.042415081,118.4166535,9,114.652788
0.006872257,97.44399664,6,95.47369941
0.01517476,106.8127352,6,103.803765
0.001525061,48.0416486,1,47.14560579
0.009335621,94.07288275,6,92.46808069
0.000905482,76.1660973,3,74.86508431
0.001363147,91.61711656,3,89.71232105
0.034697878,130.9768289,17,126.0912414
0.041405303,107.6582555,11,105.020306
0.005150637,77.89205067,4,76.53185575
0.014065061,109.0969661,10,107.0083477
0.022390904,113.6773714,11,111.1633405
0.025042074,104.1726864,9,102.2837657
0.040609587,99.70735371,7,96.56475119
0.006626103,88.65609964,6,87.76511057
0.005273532,105.8252573,6,103.1213733
0.024225937,118.4991252,10,114.7857561
0.028610032,118.7800719,10,116.0003306
0.009735302,68.9168346,5,66.78926394
0.003422089,80.12080485,5,78.66349746
0.010598847,105.5462602,6,103.7002004
0.009372818,109.86945,8,107.3615598
0.011477344,100.9272513,5,98.58024486
0.095703609,103.6058009,8,100.652635
0.037533937,102.4045358,10,100.3719093
0.004746944,92.23968763,3,90.76818259
0.010799053,103.9387632,8,101.4730888
0.004521941,107.1514561,4,105.0934397
0.181446183,109.0804852,14,106.0333006
0.002454977,121.0266959,6,117.3049497
0.029557087,83.6132528,8,81.83650222
0.020577022,116.9607233,13,113.9875737
0.234765707,82.58080443,7,81.19903764
0.046775108,87.87544271,8,84.87090352
0.007185511,85.43943192,5,84.19659499
0.092113771,64.50448934,8,62.30510333
0.224263133,64.69850285,10,62.80468972
0.009664556,112.771836,8,109.2322516
0.024855726,109.1804059,7,105.6071995
0.023130825,123.993462,10,120.7782421
0.016776038,108.8583272,8,106.7630043
0.010461001,100.9108009,9,98.33884142
0.111728421,92.17894731,8,90.67600652
0.14846956,140.6680393,14,135.3876319
0.016116345,80.61587635,7,77.77887246
0.003462203,111.6131416,5,109.1021743
0.073866278,111.0695035,9,108.4940083
0.001025824,72.03179757,4,69.68769563
0.003895798,101.4655836,5,99.83599557
0.170671928,80.36697771,9,78.41286103
0.570465888,86.32409074,12,83.39616509
0.006319413,98.9224103,4,97.26678675
0.005786262,92.95963967,6,92.07412897
0.012443362,95.35530058,6,93.74764455
0.025647431,103.4882904,5,101.2227604
0.017137064,57.74985253,4,56.23422615
0.052407478,106.3681867,9,104.1539539
0.031035835,107.7287855,12,105.0227545
0.005409555,98.46767723,6,96.78496395
0.021741786,113.9810919,8,110.8439569
0.008422116,77.29112336,4,75.29279893
0.009516134,88.51804955,6,87.30326738
0.262875772,102.3394557,9,100.2779372
0.001789084,98.26753888,4,96.39770593
0.023863452,76.3305255,8,74.53822959
0.006696849,102.6389875,8,101.1128974
0.002073529,98.22799278,8,95.59154007
0.010258243,94.22832899,6,92.24711131
0.261100546,96.11929932,8,93.7438122
0.196170937,108.0543203,10,105.6431388
0.002409393,81.8351391,2,80.92799735
0.004079958,68.75396378,2,67.66672254
0.007042559,99.47970972,8,98.54454578
0.001271978,48.0416486,1,47.14560579
0.010353423,107.9997021,8,105.4748408
0.024893652,93.00128171,9,91.28358939
0.013452776,75.69193014,7,74.14502972
0.008355381,96.7451623,5,95.15569949
0.205948541,119.6660524,8,116.9397847
0.004021246,58.78041748,4,57.52765927
0.041226978,106.1713153,7,104.956655
0.024113982,99.5783868,13,97.17857466
0.010282311,105.2833029,4,103.0816762
0.263620799,112.0198027,15,109.1846161
0.012257379,90.09590614,9,88.04256096
0.063434086,116.5380834,13,113.6095905
0.010052932,103.7682547,9,102.0626042
0.030915493,110.248458,9,108.7773818
0.04157524,105.2331861,8,102.3870343
0.055746786,93.00610552,10,91.69966011
0.010458813,117.2535462,9,114.2179605
0.0358094,99.68409487,13,96.70107765
0.012682952,107.3228921,5,105.6257199
0.037864695,128.1799046,13,125.3567675
0.002405746,122.3408489,6,119.8985909
0.006182296,125.8836216,7,122.7010551
0.272258801,121.895634,11,117.8368031
0.02350899,108.6045511,8,105.6843619
0.013115818,69.1366656,5,67.58087181
0.154063639,90.93135265,13,88.08958292
0.005358136,87.84849151,6,86.84868958
0.01071226,92.00367204,5,90.23209068
0.002738692,93.09544192,4,91.18964226
0.033382139,98.70711184,7,96.69156973
0.032404087,89.89911913,9,88.8191816
0.004592323,80.69209607,3,79.42807985
0.005653521,99.83271005,6,98.39010662
0.015263011,91.34457721,5,88.6116287
0.007128987,92.80534076,8,91.71681036
0.088078667,107.6737046,7,103.7052738
0.006701955,97.59521369,4,95.89631513
0.051230679,112.579076,9,109.4660918
0.027551022,96.18010614,9,94.91401404
0.00513058,118.0055988,9,114.5590046
0.016348642,119.1342525,7,117.0534295
0.068634319,124.3705371,16,120.955507
0.053733428,110.3375996,11,106.7959401
0.004377166,99.59574244,6,98.29560346
0.009655074,91.09641228,7,89.5671285
0.032124383,74.90146678,7,73.02950256
0.001592161,48.0416486,1,47.14560579
0.000888707,57.73700831,2,56.62002741
0.004822067,81.40330323,2,79.60369166
0.002897689,109.2968312,6,106.1725898
0.003379422,87.74302349,4,86.24868115
0.021935427,117.7104004,6,115.2953274
0.01308008,107.0009496,4,104.6318909
0.010090494,132.1081381,11,128.8337248
0.007366753,97.08520712,3,95.2693069
0.003497576,118.3559951,5,116.2784377
0.02349805,105.0861683,8,103.1425951
0.002564378,48.0416486,1,47.14560579
0.021866504,98.45894624,8,96.46416349
0.023012306,118.1641785,10,115.6811252
0.005095572,115.6073079,4,112.4128237
0.015067182,87.63050845,7,86.20154435
0.003317063,106.9515566,4,103.9699929
0.005512757,108.9398817,6,107.4319267
0.001131944,69.04280423,3,67.78357598
0.115039284,122.3181965,12,119.7251807
0.009391416,76.53214628,7,73.95027473
0.003340402,91.98942936,4,90.94895014
0.008676293,92.46757594,5,90.1117514
0.03469022,85.69359624,8,83.95058888
0.00925284,91.16279539,9,89.12876244
0.057845477,81.29319115,10,79.11813407
0.004850512,122.0019875,10,118.8423379
0.015144128,98.90247273,8,97.1160794
0.003522009,91.58191933,5,90.74206109
0.004727617,96.66586042,4,94.45664876
0.026859968,95.12975144,10,93.05083315
0.008608464,107.5494193,9,104.5294876
0.017561908,99.14871121,10,96.29934575
0.069075938,99.04373853,12,96.33697892
0.018472495,120.7266713,11,117.0618425
0.024040683,99.0157314,8,97.27740605
0.023604899,67.17716396,4,65.62233092
0.011542256,104.5728222,8,102.8560165
0.029475765,91.57712589,11,90.31120924
0.001516309,95.71559618,4,94.31807843
0.191312038,106.3668051,12,103.6701813
0.002993598,89.165156,5,87.35400542
0.01135299,94.73241617,4,92.78195676
0.005860655,87.40024039,4,86.41930678
0.003911844,98.64216673,4,96.74987445
0.043931755,88.01729436,8,86.56108642
0.006161145,92.18466926,6,91.02323784
0.430996085,105.1862544,9,102.4432685
0.011328922,124.2375443,7,120.2998398
0.124758176,92.92781877,10,90.64461667
0.0072362,104.8435133,7,102.5524824
0.038901095,70.86083613,7,69.45541175
0.004296209,106.383881,6,103.6354756
0.077107489,81.8704255,9,79.07448591
0.003823593,107.1168115,8,104.3943625
0.00085771,102.3105394,3,99.63768784
0.005477019,104.8243629,6,102.3022643
0.04967535,112.5239758,11,109.6925334
0.007362012,107.2650618,6,105.3939559
0.039522862,125.1306178,12,122.7987091
0.003884129,77.04209061,3,76.05251765
0.002609233,92.69743144,6,91.10594282
0.007891152,107.9188724,5,104.8863125
0.04305727,115.4974204,9,112.07068
0.0023288,78.62004443,3,77.71168855
0.154342614,109.2766631,11,105.6897713
0.023759156,101.115065,8,97.99363249
0.034740544,91.41705658,8,88.99178211
0.103870818,117.407381,12,114.5364577
0.006181202,94.20246439,3,92.61886266
0.03365929,106.3489377,11,104.1296368
0.005968598,115.8148724,8,113.7785468
0.007622389,77.31414643,6,75.04099855
0.073427212,97.09883721,10,94.71742985
0.012832103,106.8032764,6,104.3562843
0.007318252,71.06461978,4,69.63415509
0.005895663,74.11701258,3,72.79859651
0.021874162,69.60757945,5,68.33581491
0.118947117,134.2396646,12,129.1640157
0.00392242,104.1009761,5,102.5411889
0.004500426,66.16616409,3,65.05362695
0.00872443,123.4714208,7,121.1097788
0.00247941,92.59092449,4,90.26284769
0.009745878,117.6565907,5,115.4270103
0.074378279,91.55477275,10,88.52414529
0.003765246,100.5535724,5,98.74170308
0.012370427,81.79319616,5,80.51536999
0.02021089,90.81741401,10,89.9358483
0.046246333,114.0184116,11,111.0413142
0.097995577,79.85901532,10,78.1195769
0.019496861,110.9978127,7,108.1765717
